slug,title,category,cover_brief,inline_brief_1,inline_brief_2
ai-ugc-ads-guide-d2c-brands,AI UGC Ads: A Practical Guide for D2C Brands,AI UGC Ads,"Cover visual: premium editorial concept for 'AI UGC Ads: A Practical Guide for D2C Brands'. Mobisa-style creative agency aesthetic, product-advertising context, strong composition, no generic stock look, no fake analytics.","Inline visual 1: explanatory graphic for 'What AI UGC actually means' using a clean editorial layout, minimal labels, practical visual hierarchy.",Inline visual 2: ad-frame or workflow example showing 'When not to use AI UGC' with realistic D2C creative context and no invented performance claims.
ai-ugc-vs-traditional-ugc,AI UGC vs Traditional UGC: Which Should Your Brand Use?,AI UGC Ads,"Cover visual: premium editorial concept for 'AI UGC vs Traditional UGC: Which Should Your Brand Use?'. Mobisa-style creative agency aesthetic, product-advertising context, strong composition, no generic stock look, no fake analytics.","Inline visual 1: explanatory graphic for 'Speed and iteration' using a clean editorial layout, minimal labels, practical visual hierarchy.",Inline visual 2: ad-frame or workflow example showing 'Choosing a hybrid model' with realistic D2C creative context and no invented performance claims.
ugc-hooks-for-d2c-brands,15 UGC Hooks D2C Brands Can Test,AI UGC Ads,"Cover visual: premium editorial concept for '15 UGC Hooks D2C Brands Can Test'. Mobisa-style creative agency aesthetic, product-advertising context, strong composition, no generic stock look, no fake analytics.","Inline visual 1: explanatory graphic for 'Problem-first hooks' using a clean editorial layout, minimal labels, practical visual hierarchy.",Inline visual 2: ad-frame or workflow example showing 'Pattern interrupts' with realistic D2C creative context and no invented performance claims.
how-to-write-ugc-ad-script,How to Write a UGC Ad Script That Does Not Sound Scripted,AI UGC Ads,"Cover visual: premium editorial concept for 'How to Write a UGC Ad Script That Does Not Sound Scripted'. Mobisa-style creative agency aesthetic, product-advertising context, strong composition, no generic stock look, no fake analytics.","Inline visual 1: explanatory graphic for 'Start with a real observation' using a clean editorial layout, minimal labels, practical visual hierarchy.",Inline visual 2: ad-frame or workflow example showing 'End with a low-friction CTA' with realistic D2C creative context and no invented performance claims.
ugc-first-3-seconds-hooks,The First 3 Seconds: How to Build Better UGC Hooks,AI UGC Ads,"Cover visual: premium editorial concept for 'The First 3 Seconds: How to Build Better UGC Hooks'. Mobisa-style creative agency aesthetic, product-advertising context, strong composition, no generic stock look, no fake analytics.","Inline visual 1: explanatory graphic for 'Visual interruption' using a clean editorial layout, minimal labels, practical visual hierarchy.",Inline visual 2: ad-frame or workflow example showing 'Testing multiple openings' with realistic D2C creative context and no invented performance claims.
ugc-ads-that-dont-feel-like-ads,UGC Ads That Do Not Feel Like Ads,AI UGC Ads,"Cover visual: premium editorial concept for 'UGC Ads That Do Not Feel Like Ads'. Mobisa-style creative agency aesthetic, product-advertising context, strong composition, no generic stock look, no fake analytics.","Inline visual 1: explanatory graphic for 'Native-looking framing' using a clean editorial layout, minimal labels, practical visual hierarchy.",Inline visual 2: ad-frame or workflow example showing 'Keeping the brand recognizable' with realistic D2C creative context and no invented performance claims.
ugc-ads-for-meta,How to Build UGC Ads for Meta,AI UGC Ads,"Cover visual: premium editorial concept for 'How to Build UGC Ads for Meta'. Mobisa-style creative agency aesthetic, product-advertising context, strong composition, no generic stock look, no fake analytics.","Inline visual 1: explanatory graphic for 'Design for sound-off and sound-on' using a clean editorial layout, minimal labels, practical visual hierarchy.",Inline visual 2: ad-frame or workflow example showing 'Plan refreshes before fatigue' with realistic D2C creative context and no invented performance claims.
ugc-ads-for-tiktok,How to Build UGC Ads for TikTok,AI UGC Ads,"Cover visual: premium editorial concept for 'How to Build UGC Ads for TikTok'. Mobisa-style creative agency aesthetic, product-advertising context, strong composition, no generic stock look, no fake analytics.","Inline visual 1: explanatory graphic for 'Native pacing' using a clean editorial layout, minimal labels, practical visual hierarchy.",Inline visual 2: ad-frame or workflow example showing 'Avoiding forced trends' with realistic D2C creative context and no invented performance claims.
ugc-ads-for-skincare-brands,UGC Ads for Skincare Brands: A Creative Playbook,AI UGC Ads,"Cover visual: premium editorial concept for 'UGC Ads for Skincare Brands: A Creative Playbook'. Mobisa-style creative agency aesthetic, product-advertising context, strong composition, no generic stock look, no fake analytics.","Inline visual 1: explanatory graphic for 'Show the routine' using a clean editorial layout, minimal labels, practical visual hierarchy.",Inline visual 2: ad-frame or workflow example showing 'Use proof cues' with realistic D2C creative context and no invented performance claims.
ugc-ads-for-fashion-brands,UGC Ads for Fashion Brands: Formats That Show the Product,AI UGC Ads,"Cover visual: premium editorial concept for 'UGC Ads for Fashion Brands: Formats That Show the Product'. Mobisa-style creative agency aesthetic, product-advertising context, strong composition, no generic stock look, no fake analytics.","Inline visual 1: explanatory graphic for 'Fit and movement' using a clean editorial layout, minimal labels, practical visual hierarchy.",Inline visual 2: ad-frame or workflow example showing 'Detail shots that sell' with realistic D2C creative context and no invented performance claims.
ugc-ads-for-supplement-brands,"UGC Ads for Supplements: Trust, Demonstration and Compliance",AI UGC Ads,"Cover visual: premium editorial concept for 'UGC Ads for Supplements: Trust, Demonstration and Compliance'. Mobisa-style creative agency aesthetic, product-advertising context, strong composition, no generic stock look, no fake analytics.","Inline visual 1: explanatory graphic for 'Routine-based storytelling' using a clean editorial layout, minimal labels, practical visual hierarchy.",Inline visual 2: ad-frame or workflow example showing 'Use-case variety' with realistic D2C creative context and no invented performance claims.
how-many-ugc-creatives-per-month,How Many UGC Creatives Should a D2C Brand Produce Each Month?,AI UGC Ads,"Cover visual: premium editorial concept for 'How Many UGC Creatives Should a D2C Brand Produce Each Month?'. Mobisa-style creative agency aesthetic, product-advertising context, strong composition, no generic stock look, no fake analytics.","Inline visual 1: explanatory graphic for 'Start from testing capacity' using a clean editorial layout, minimal labels, practical visual hierarchy.",Inline visual 2: ad-frame or workflow example showing 'Build a repeatable cadence' with realistic D2C creative context and no invented performance claims.
ai-video-ads-for-ecommerce,AI Video Ads for Ecommerce: Where They Work Best,AI Video Ads,"Cover visual: premium editorial concept for 'AI Video Ads for Ecommerce: Where They Work Best'. Mobisa-style creative agency aesthetic, product-advertising context, strong composition, no generic stock look, no fake analytics.","Inline visual 1: explanatory graphic for 'Product-first motion' using a clean editorial layout, minimal labels, practical visual hierarchy.",Inline visual 2: ad-frame or workflow example showing 'Know when realism matters' with realistic D2C creative context and no invented performance claims.
product-video-ad-script,How to Write a Product Video Ad Script,AI Video Ads,"Cover visual: premium editorial concept for 'How to Write a Product Video Ad Script'. Mobisa-style creative agency aesthetic, product-advertising context, strong composition, no generic stock look, no fake analytics.","Inline visual 1: explanatory graphic for 'One promise per video' using a clean editorial layout, minimal labels, practical visual hierarchy.",Inline visual 2: ad-frame or workflow example showing 'End on a clear action' with realistic D2C creative context and no invented performance claims.
cinematic-ai-product-ads,Cinematic AI Product Ads Without the AI Look,AI Video Ads,"Cover visual: premium editorial concept for 'Cinematic AI Product Ads Without the AI Look'. Mobisa-style creative agency aesthetic, product-advertising context, strong composition, no generic stock look, no fake analytics.","Inline visual 1: explanatory graphic for 'Start from art direction' using a clean editorial layout, minimal labels, practical visual hierarchy.",Inline visual 2: ad-frame or workflow example showing 'Finish with human-quality compositing' with realistic D2C creative context and no invented performance claims.
best-short-form-video-ad-length,How Long Should a Short-Form Video Ad Be?,AI Video Ads,"Cover visual: premium editorial concept for 'How Long Should a Short-Form Video Ad Be?'. Mobisa-style creative agency aesthetic, product-advertising context, strong composition, no generic stock look, no fake analytics.","Inline visual 1: explanatory graphic for 'Match length to intent' using a clean editorial layout, minimal labels, practical visual hierarchy.",Inline visual 2: ad-frame or workflow example showing 'Create multiple lengths' with realistic D2C creative context and no invented performance claims.
ai-video-vs-traditional-production,AI Video vs Traditional Production for Product Advertising,AI Video Ads,"Cover visual: premium editorial concept for 'AI Video vs Traditional Production for Product Advertising'. Mobisa-style creative agency aesthetic, product-advertising context, strong composition, no generic stock look, no fake analytics.","Inline visual 1: explanatory graphic for 'Production logistics' using a clean editorial layout, minimal labels, practical visual hierarchy.",Inline visual 2: ad-frame or workflow example showing 'Hybrid workflows' with realistic D2C creative context and no invented performance claims.
vertical-product-video-ads-9-16,How to Design 9:16 Product Video Ads,AI Video Ads,"Cover visual: premium editorial concept for 'How to Design 9:16 Product Video Ads'. Mobisa-style creative agency aesthetic, product-advertising context, strong composition, no generic stock look, no fake analytics.","Inline visual 1: explanatory graphic for 'Compose for the phone' using a clean editorial layout, minimal labels, practical visual hierarchy.",Inline visual 2: ad-frame or workflow example showing 'Design the first frame' with realistic D2C creative context and no invented performance claims.
product-ad-storyboard-framework,A Simple Storyboard Framework for Product Ads,AI Video Ads,"Cover visual: premium editorial concept for 'A Simple Storyboard Framework for Product Ads'. Mobisa-style creative agency aesthetic, product-advertising context, strong composition, no generic stock look, no fake analytics.","Inline visual 1: explanatory graphic for 'Frame the hook' using a clean editorial layout, minimal labels, practical visual hierarchy.",Inline visual 2: ad-frame or workflow example showing 'Land the CTA' with realistic D2C creative context and no invented performance claims.
product-demo-ad-guide,Product Demo Ads: How to Make the Product the Story,AI Video Ads,"Cover visual: premium editorial concept for 'Product Demo Ads: How to Make the Product the Story'. Mobisa-style creative agency aesthetic, product-advertising context, strong composition, no generic stock look, no fake analytics.","Inline visual 1: explanatory graphic for 'Choose one job to demonstrate' using a clean editorial layout, minimal labels, practical visual hierarchy.",Inline visual 2: ad-frame or workflow example showing 'Build variants from one demo' with realistic D2C creative context and no invented performance claims.
product-photo-to-ai-video-ad,From Product Photo to AI Video Ad: A Practical Workflow,AI Video Ads,"Cover visual: premium editorial concept for 'From Product Photo to AI Video Ad: A Practical Workflow'. Mobisa-style creative agency aesthetic, product-advertising context, strong composition, no generic stock look, no fake analytics.","Inline visual 1: explanatory graphic for 'Prepare clean source assets' using a clean editorial layout, minimal labels, practical visual hierarchy.",Inline visual 2: ad-frame or workflow example showing 'Edit and QA like normal production' with realistic D2C creative context and no invented performance claims.
ai-video-ads-for-product-launches,AI Video Ads for Product Launches,AI Video Ads,"Cover visual: premium editorial concept for 'AI Video Ads for Product Launches'. Mobisa-style creative agency aesthetic, product-advertising context, strong composition, no generic stock look, no fake analytics.","Inline visual 1: explanatory graphic for 'Build a launch narrative' using a clean editorial layout, minimal labels, practical visual hierarchy.",Inline visual 2: ad-frame or workflow example showing 'Reuse the system after launch' with realistic D2C creative context and no invented performance claims.
ai-product-photography-ecommerce-guide,AI Product Photography for Ecommerce: A Practical Guide,AI Product Visuals,"Cover visual: premium editorial concept for 'AI Product Photography for Ecommerce: A Practical Guide'. Mobisa-style creative agency aesthetic, product-advertising context, strong composition, no generic stock look, no fake analytics.","Inline visual 1: explanatory graphic for 'Start with accurate source images' using a clean editorial layout, minimal labels, practical visual hierarchy.",Inline visual 2: ad-frame or workflow example showing 'Review commercial realism' with realistic D2C creative context and no invented performance claims.
ai-vs-traditional-product-photography,AI Product Photography vs Traditional Product Photography,AI Product Visuals,"Cover visual: premium editorial concept for 'AI Product Photography vs Traditional Product Photography'. Mobisa-style creative agency aesthetic, product-advertising context, strong composition, no generic stock look, no fake analytics.","Inline visual 1: explanatory graphic for 'Speed and logistics' using a clean editorial layout, minimal labels, practical visual hierarchy.",Inline visual 2: ad-frame or workflow example showing 'Best-use cases for each' with realistic D2C creative context and no invented performance claims.
shopify-product-photography-checklist,Product Photography Checklist for Shopify Brands,AI Product Visuals,"Cover visual: premium editorial concept for 'Product Photography Checklist for Shopify Brands'. Mobisa-style creative agency aesthetic, product-advertising context, strong composition, no generic stock look, no fake analytics.","Inline visual 1: explanatory graphic for 'Hero image clarity' using a clean editorial layout, minimal labels, practical visual hierarchy.",Inline visual 2: ad-frame or workflow example showing 'Consistent crops' with realistic D2C creative context and no invented performance claims.
ai-lifestyle-product-images,How to Create Lifestyle Product Images With AI,AI Product Visuals,"Cover visual: premium editorial concept for 'How to Create Lifestyle Product Images With AI'. Mobisa-style creative agency aesthetic, product-advertising context, strong composition, no generic stock look, no fake analytics.","Inline visual 1: explanatory graphic for 'Define the scene before generating' using a clean editorial layout, minimal labels, practical visual hierarchy.",Inline visual 2: ad-frame or workflow example showing 'Review edge cases' with realistic D2C creative context and no invented performance claims.
packshot-to-campaign-visual,From Packshot to Campaign Visual: Building a Product Image System,AI Product Visuals,"Cover visual: premium editorial concept for 'From Packshot to Campaign Visual: Building a Product Image System'. Mobisa-style creative agency aesthetic, product-advertising context, strong composition, no generic stock look, no fake analytics.","Inline visual 1: explanatory graphic for 'Lock the packshot' using a clean editorial layout, minimal labels, practical visual hierarchy.",Inline visual 2: ad-frame or workflow example showing 'Maintain brand consistency' with realistic D2C creative context and no invented performance claims.
ai-product-photography-skincare,AI Product Photography for Skincare Brands,AI Product Visuals,"Cover visual: premium editorial concept for 'AI Product Photography for Skincare Brands'. Mobisa-style creative agency aesthetic, product-advertising context, strong composition, no generic stock look, no fake analytics.","Inline visual 1: explanatory graphic for 'Protect labels' using a clean editorial layout, minimal labels, practical visual hierarchy.",Inline visual 2: ad-frame or workflow example showing 'Create ingredient context' with realistic D2C creative context and no invented performance claims.
ai-product-visuals-fashion,AI Product Visuals for Fashion Brands,AI Product Visuals,"Cover visual: premium editorial concept for 'AI Product Visuals for Fashion Brands'. Mobisa-style creative agency aesthetic, product-advertising context, strong composition, no generic stock look, no fake analytics.","Inline visual 1: explanatory graphic for 'Protect silhouette and construction' using a clean editorial layout, minimal labels, practical visual hierarchy.",Inline visual 2: ad-frame or workflow example showing 'Keep collections coherent' with realistic D2C creative context and no invented performance claims.
ai-product-photography-jewellery,AI Product Photography for Jewellery Brands,AI Product Visuals,"Cover visual: premium editorial concept for 'AI Product Photography for Jewellery Brands'. Mobisa-style creative agency aesthetic, product-advertising context, strong composition, no generic stock look, no fake analytics.","Inline visual 1: explanatory graphic for 'Macro detail' using a clean editorial layout, minimal labels, practical visual hierarchy.",Inline visual 2: ad-frame or workflow example showing 'Luxury without visual noise' with realistic D2C creative context and no invented performance claims.
ai-product-visuals-food-beverage,AI Product Visuals for Food and Beverage Brands,AI Product Visuals,"Cover visual: premium editorial concept for 'AI Product Visuals for Food and Beverage Brands'. Mobisa-style creative agency aesthetic, product-advertising context, strong composition, no generic stock look, no fake analytics.","Inline visual 1: explanatory graphic for 'Keep packaging exact' using a clean editorial layout, minimal labels, practical visual hierarchy.",Inline visual 2: ad-frame or workflow example showing 'Avoid fake-looking excess' with realistic D2C creative context and no invented performance claims.
product-image-consistency-at-scale,How to Keep Product Images Consistent Across a Large Catalogue,AI Product Visuals,"Cover visual: premium editorial concept for 'How to Keep Product Images Consistent Across a Large Catalogue'. Mobisa-style creative agency aesthetic, product-advertising context, strong composition, no generic stock look, no fake analytics.","Inline visual 1: explanatory graphic for 'Create visual rules' using a clean editorial layout, minimal labels, practical visual hierarchy.",Inline visual 2: ad-frame or workflow example showing 'Add QA checkpoints' with realistic D2C creative context and no invented performance claims.
meta-ads-creative-testing-framework,A Creative Testing Framework for Meta Ads,Meta Ad Creative,"Cover visual: premium editorial concept for 'A Creative Testing Framework for Meta Ads'. Mobisa-style creative agency aesthetic, product-advertising context, strong composition, no generic stock look, no fake analytics.","Inline visual 1: explanatory graphic for 'Test concepts before micro-variants' using a clean editorial layout, minimal labels, practical visual hierarchy.",Inline visual 2: ad-frame or workflow example showing 'Document winners and losers' with realistic D2C creative context and no invented performance claims.
meta-creative-fatigue-guide,Creative Fatigue on Meta: What It Looks Like and What to Change,Meta Ad Creative,"Cover visual: premium editorial concept for 'Creative Fatigue on Meta: What It Looks Like and What to Change'. Mobisa-style creative agency aesthetic, product-advertising context, strong composition, no generic stock look, no fake analytics.","Inline visual 1: explanatory graphic for 'Recognize fatigue signals' using a clean editorial layout, minimal labels, practical visual hierarchy.",Inline visual 2: ad-frame or workflow example showing 'Keep a reserve of new concepts' with realistic D2C creative context and no invented performance claims.
thumb-stop-hooks-meta-ads,Thumb-Stop Hooks: How to Earn the Next Three Seconds,Meta Ad Creative,"Cover visual: premium editorial concept for 'Thumb-Stop Hooks: How to Earn the Next Three Seconds'. Mobisa-style creative agency aesthetic, product-advertising context, strong composition, no generic stock look, no fake analytics.","Inline visual 1: explanatory graphic for 'Use visual specificity' using a clean editorial layout, minimal labels, practical visual hierarchy.",Inline visual 2: ad-frame or workflow example showing 'Avoid empty shock value' with realistic D2C creative context and no invented performance claims.
static-vs-video-ads-meta,Static Ads vs Video Ads on Meta,Meta Ad Creative,"Cover visual: premium editorial concept for 'Static Ads vs Video Ads on Meta'. Mobisa-style creative agency aesthetic, product-advertising context, strong composition, no generic stock look, no fake analytics.","Inline visual 1: explanatory graphic for 'Message complexity' using a clean editorial layout, minimal labels, practical visual hierarchy.",Inline visual 2: ad-frame or workflow example showing 'Testing both formats' with realistic D2C creative context and no invented performance claims.
creative-angles-for-d2c-ads,How to Find Better Creative Angles for D2C Ads,Meta Ad Creative,"Cover visual: premium editorial concept for 'How to Find Better Creative Angles for D2C Ads'. Mobisa-style creative agency aesthetic, product-advertising context, strong composition, no generic stock look, no fake analytics.","Inline visual 1: explanatory graphic for 'Start with customer language' using a clean editorial layout, minimal labels, practical visual hierarchy.",Inline visual 2: ad-frame or workflow example showing 'Build proof-led angles' with realistic D2C creative context and no invented performance claims.
ad-creative-iteration-framework,How to Turn One Winning Ad Into Ten Useful Variants,Meta Ad Creative,"Cover visual: premium editorial concept for 'How to Turn One Winning Ad Into Ten Useful Variants'. Mobisa-style creative agency aesthetic, product-advertising context, strong composition, no generic stock look, no fake analytics.","Inline visual 1: explanatory graphic for 'Keep the core reason it won' using a clean editorial layout, minimal labels, practical visual hierarchy.",Inline visual 2: ad-frame or workflow example showing 'Retire weak branches quickly' with realistic D2C creative context and no invented performance claims.
creative-metrics-beyond-roas,Creative Metrics Beyond ROAS: What to Watch,Meta Ad Creative,"Cover visual: premium editorial concept for 'Creative Metrics Beyond ROAS: What to Watch'. Mobisa-style creative agency aesthetic, product-advertising context, strong composition, no generic stock look, no fake analytics.","Inline visual 1: explanatory graphic for 'Hook and hold signals' using a clean editorial layout, minimal labels, practical visual hierarchy.",Inline visual 2: ad-frame or workflow example showing 'Use metrics diagnostically' with realistic D2C creative context and no invented performance claims.
why-good-looking-ads-fail,Why Good-Looking Ads Still Fail,Meta Ad Creative,"Cover visual: premium editorial concept for 'Why Good-Looking Ads Still Fail'. Mobisa-style creative agency aesthetic, product-advertising context, strong composition, no generic stock look, no fake analytics.","Inline visual 1: explanatory graphic for 'Beautiful is not automatically clear' using a clean editorial layout, minimal labels, practical visual hierarchy.",Inline visual 2: ad-frame or workflow example showing 'Match creative to awareness' with realistic D2C creative context and no invented performance claims.
creative-testing-budget-guide,How Much Budget Should You Allocate to Creative Testing?,Meta Ad Creative,"Cover visual: premium editorial concept for 'How Much Budget Should You Allocate to Creative Testing?'. Mobisa-style creative agency aesthetic, product-advertising context, strong composition, no generic stock look, no fake analytics.","Inline visual 1: explanatory graphic for 'Start from decisions you need to make' using a clean editorial layout, minimal labels, practical visual hierarchy.",Inline visual 2: ad-frame or workflow example showing 'Scale spend after signal' with realistic D2C creative context and no invented performance claims.
meta-ad-creative-checklist,Meta Ad Creative Checklist for D2C Brands,Meta Ad Creative,"Cover visual: premium editorial concept for 'Meta Ad Creative Checklist for D2C Brands'. Mobisa-style creative agency aesthetic, product-advertising context, strong composition, no generic stock look, no fake analytics.","Inline visual 1: explanatory graphic for 'Hook clarity' using a clean editorial layout, minimal labels, practical visual hierarchy.",Inline visual 2: ad-frame or workflow example showing 'Landing-page continuity' with realistic D2C creative context and no invented performance claims.
d2c-creative-strategy-guide,How to Build a D2C Creative Strategy,D2C Creative Strategy,"Cover visual: premium editorial concept for 'How to Build a D2C Creative Strategy'. Mobisa-style creative agency aesthetic, product-advertising context, strong composition, no generic stock look, no fake analytics.","Inline visual 1: explanatory graphic for 'Start from customer problems' using a clean editorial layout, minimal labels, practical visual hierarchy.",Inline visual 2: ad-frame or workflow example showing 'Review learning monthly' with realistic D2C creative context and no invented performance claims.
d2c-creative-content-engine,Building a Creative Content Engine for a Growing D2C Brand,D2C Creative Strategy,"Cover visual: premium editorial concept for 'Building a Creative Content Engine for a Growing D2C Brand'. Mobisa-style creative agency aesthetic, product-advertising context, strong composition, no generic stock look, no fake analytics.","Inline visual 1: explanatory graphic for 'Brief from insight' using a clean editorial layout, minimal labels, practical visual hierarchy.",Inline visual 2: ad-frame or workflow example showing 'Feed results back into briefs' with realistic D2C creative context and no invented performance claims.
monthly-creative-calendar-d2c,A Monthly Creative Calendar for D2C Brands,D2C Creative Strategy,"Cover visual: premium editorial concept for 'A Monthly Creative Calendar for D2C Brands'. Mobisa-style creative agency aesthetic, product-advertising context, strong composition, no generic stock look, no fake analytics.","Inline visual 1: explanatory graphic for 'Plan around business moments' using a clean editorial layout, minimal labels, practical visual hierarchy.",Inline visual 2: ad-frame or workflow example showing 'Keep buffer for fast iterations' with realistic D2C creative context and no invented performance claims.
product-launch-creative-plan,A Creative Plan for Product Launches,D2C Creative Strategy,"Cover visual: premium editorial concept for 'A Creative Plan for Product Launches'. Mobisa-style creative agency aesthetic, product-advertising context, strong composition, no generic stock look, no fake analytics.","Inline visual 1: explanatory graphic for 'Tease the problem or world' using a clean editorial layout, minimal labels, practical visual hierarchy.",Inline visual 2: ad-frame or workflow example showing 'Retarget with proof' with realistic D2C creative context and no invented performance claims.
founder-led-ads-guide,Founder-Led Ads: When They Work and How to Make Them Better,D2C Creative Strategy,"Cover visual: premium editorial concept for 'Founder-Led Ads: When They Work and How to Make Them Better'. Mobisa-style creative agency aesthetic, product-advertising context, strong composition, no generic stock look, no fake analytics.","Inline visual 1: explanatory graphic for 'Use founder-specific authority' using a clean editorial layout, minimal labels, practical visual hierarchy.",Inline visual 2: ad-frame or workflow example showing 'Avoid fake vulnerability' with realistic D2C creative context and no invented performance claims.
performance-creative-brief,How to Write a Better Performance Creative Brief,D2C Creative Strategy,"Cover visual: premium editorial concept for 'How to Write a Better Performance Creative Brief'. Mobisa-style creative agency aesthetic, product-advertising context, strong composition, no generic stock look, no fake analytics.","Inline visual 1: explanatory graphic for 'Define the buyer tension' using a clean editorial layout, minimal labels, practical visual hierarchy.",Inline visual 2: ad-frame or workflow example showing 'Specify what is being tested' with realistic D2C creative context and no invented performance claims.
creative-agency-vs-in-house-d2c,Creative Agency vs In-House Team for D2C Brands,D2C Creative Strategy,"Cover visual: premium editorial concept for 'Creative Agency vs In-House Team for D2C Brands'. Mobisa-style creative agency aesthetic, product-advertising context, strong composition, no generic stock look, no fake analytics.","Inline visual 1: explanatory graphic for 'Control and context' using a clean editorial layout, minimal labels, practical visual hierarchy.",Inline visual 2: ad-frame or workflow example showing 'Hybrid models' with realistic D2C creative context and no invented performance claims.
how-to-choose-ugc-creative-agency,How to Choose a UGC or Creative Agency,D2C Creative Strategy,"Cover visual: premium editorial concept for 'How to Choose a UGC or Creative Agency'. Mobisa-style creative agency aesthetic, product-advertising context, strong composition, no generic stock look, no fake analytics.","Inline visual 1: explanatory graphic for 'Look beyond portfolio polish' using a clean editorial layout, minimal labels, practical visual hierarchy.",Inline visual 2: ad-frame or workflow example showing 'Check communication and QA' with realistic D2C creative context and no invented performance claims.
creative-production-budget-d2c,How to Plan a Creative Production Budget,D2C Creative Strategy,"Cover visual: premium editorial concept for 'How to Plan a Creative Production Budget'. Mobisa-style creative agency aesthetic, product-advertising context, strong composition, no generic stock look, no fake analytics.","Inline visual 1: explanatory graphic for 'Separate hero and testing work' using a clean editorial layout, minimal labels, practical visual hierarchy.",Inline visual 2: ad-frame or workflow example showing 'Measure learning as an output' with realistic D2C creative context and no invented performance claims.
creative-library-organization,How to Organize a Creative Library So Your Team Can Actually Use It,D2C Creative Strategy,"Cover visual: premium editorial concept for 'How to Organize a Creative Library So Your Team Can Actually Use It'. Mobisa-style creative agency aesthetic, product-advertising context, strong composition, no generic stock look, no fake analytics.","Inline visual 1: explanatory graphic for 'Use consistent naming' using a clean editorial layout, minimal labels, practical visual hierarchy.",Inline visual 2: ad-frame or workflow example showing 'Attach performance notes' with realistic D2C creative context and no invented performance claims.
d2c-skincare-ad-creative-playbook,D2C Skincare Ad Creative: A Practical Playbook,Industry Playbooks,"Cover visual: premium editorial concept for 'D2C Skincare Ad Creative: A Practical Playbook'. Mobisa-style creative agency aesthetic, product-advertising context, strong composition, no generic stock look, no fake analytics.","Inline visual 1: explanatory graphic for 'Routine-led storytelling' using a clean editorial layout, minimal labels, practical visual hierarchy.",Inline visual 2: ad-frame or workflow example showing 'Creative variety' with realistic D2C creative context and no invented performance claims.
supplement-ad-creative-playbook,Supplement Ad Creative: Building Trust Without Overclaiming,Industry Playbooks,"Cover visual: premium editorial concept for 'Supplement Ad Creative: Building Trust Without Overclaiming'. Mobisa-style creative agency aesthetic, product-advertising context, strong composition, no generic stock look, no fake analytics.","Inline visual 1: explanatory graphic for 'Lead with use context' using a clean editorial layout, minimal labels, practical visual hierarchy.",Inline visual 2: ad-frame or workflow example showing 'Keep claims disciplined' with realistic D2C creative context and no invented performance claims.
fashion-ad-creative-playbook,"Fashion Ad Creative: How to Sell Fit, Feel and Identity",Industry Playbooks,"Cover visual: premium editorial concept for 'Fashion Ad Creative: How to Sell Fit, Feel and Identity'. Mobisa-style creative agency aesthetic, product-advertising context, strong composition, no generic stock look, no fake analytics.","Inline visual 1: explanatory graphic for 'Show movement' using a clean editorial layout, minimal labels, practical visual hierarchy.",Inline visual 2: ad-frame or workflow example showing 'Mix UGC and editorial' with realistic D2C creative context and no invented performance claims.
jewellery-ad-creative-playbook,Jewellery Ad Creative: Making Detail and Desire Visible,Industry Playbooks,"Cover visual: premium editorial concept for 'Jewellery Ad Creative: Making Detail and Desire Visible'. Mobisa-style creative agency aesthetic, product-advertising context, strong composition, no generic stock look, no fake analytics.","Inline visual 1: explanatory graphic for 'Detail first' using a clean editorial layout, minimal labels, practical visual hierarchy.",Inline visual 2: ad-frame or workflow example showing 'Balance luxury and clarity' with realistic D2C creative context and no invented performance claims.
food-beverage-ad-creative-playbook,Food & Beverage Ad Creative: Make the Product Feel Immediate,Industry Playbooks,"Cover visual: premium editorial concept for 'Food & Beverage Ad Creative: Make the Product Feel Immediate'. Mobisa-style creative agency aesthetic, product-advertising context, strong composition, no generic stock look, no fake analytics.","Inline visual 1: explanatory graphic for 'Show the consumption moment' using a clean editorial layout, minimal labels, practical visual hierarchy.",Inline visual 2: ad-frame or workflow example showing 'Keep claims specific' with realistic D2C creative context and no invented performance claims.
home-decor-ad-creative-playbook,"Home & Decor Ad Creative: Selling the Room, Not Just the Product",Industry Playbooks,"Cover visual: premium editorial concept for 'Home & Decor Ad Creative: Selling the Room, Not Just the Product'. Mobisa-style creative agency aesthetic, product-advertising context, strong composition, no generic stock look, no fake analytics.","Inline visual 1: explanatory graphic for 'Show scale' using a clean editorial layout, minimal labels, practical visual hierarchy.",Inline visual 2: ad-frame or workflow example showing 'Highlight materials' with realistic D2C creative context and no invented performance claims.
fitness-wellness-ad-creative-playbook,Fitness & Wellness Ad Creative: From Motivation to Proof,Industry Playbooks,"Cover visual: premium editorial concept for 'Fitness & Wellness Ad Creative: From Motivation to Proof'. Mobisa-style creative agency aesthetic, product-advertising context, strong composition, no generic stock look, no fake analytics.","Inline visual 1: explanatory graphic for 'Anchor in routines' using a clean editorial layout, minimal labels, practical visual hierarchy.",Inline visual 2: ad-frame or workflow example showing 'Avoid exaggerated promises' with realistic D2C creative context and no invented performance claims.
pet-brand-ad-creative-playbook,Pet Brand Ad Creative: Products Through the Owner's Eyes,Industry Playbooks,"Cover visual: premium editorial concept for 'Pet Brand Ad Creative: Products Through the Owner's Eyes'. Mobisa-style creative agency aesthetic, product-advertising context, strong composition, no generic stock look, no fake analytics.","Inline visual 1: explanatory graphic for 'Start from owner problems' using a clean editorial layout, minimal labels, practical visual hierarchy.",Inline visual 2: ad-frame or workflow example showing 'Use trust cues' with realistic D2C creative context and no invented performance claims.
