recommended_publish_date,slug,title,category,intent
2026-10-07,ai-ugc-ads-guide-d2c-brands,AI UGC Ads: A Practical Guide for D2C Brands,AI UGC Ads,Commercial
2026-10-07,ai-ugc-vs-traditional-ugc,AI UGC vs Traditional UGC: Which Should Your Brand Use?,AI UGC Ads,Commercial
2026-10-07,ugc-hooks-for-d2c-brands,15 UGC Hooks D2C Brands Can Test,AI UGC Ads,Mid-funnel
2026-10-07,how-to-write-ugc-ad-script,How to Write a UGC Ad Script That Does Not Sound Scripted,AI UGC Ads,Mid-funnel
2026-10-07,ugc-first-3-seconds-hooks,The First 3 Seconds: How to Build Better UGC Hooks,AI UGC Ads,Informational
2026-10-08,ugc-ads-that-dont-feel-like-ads,UGC Ads That Do Not Feel Like Ads,AI UGC Ads,Mid-funnel
2026-10-08,ugc-ads-for-meta,How to Build UGC Ads for Meta,AI UGC Ads,Commercial
2026-10-08,ugc-ads-for-tiktok,How to Build UGC Ads for TikTok,AI UGC Ads,Commercial
2026-10-08,ugc-ads-for-skincare-brands,UGC Ads for Skincare Brands: A Creative Playbook,AI UGC Ads,Commercial
2026-10-08,ugc-ads-for-fashion-brands,UGC Ads for Fashion Brands: Formats That Show the Product,AI UGC Ads,Commercial
2026-10-09,ugc-ads-for-supplement-brands,"UGC Ads for Supplements: Trust, Demonstration and Compliance",AI UGC Ads,Commercial
2026-10-09,how-many-ugc-creatives-per-month,How Many UGC Creatives Should a D2C Brand Produce Each Month?,AI UGC Ads,Commercial
2026-10-09,ai-video-ads-for-ecommerce,AI Video Ads for Ecommerce: Where They Work Best,AI Video Ads,Commercial
2026-10-09,product-video-ad-script,How to Write a Product Video Ad Script,AI Video Ads,Mid-funnel
2026-10-09,cinematic-ai-product-ads,Cinematic AI Product Ads Without the AI Look,AI Video Ads,Commercial
2026-10-10,best-short-form-video-ad-length,How Long Should a Short-Form Video Ad Be?,AI Video Ads,Informational
2026-10-10,ai-video-vs-traditional-production,AI Video vs Traditional Production for Product Advertising,AI Video Ads,Commercial
2026-10-10,vertical-product-video-ads-9-16,How to Design 9:16 Product Video Ads,AI Video Ads,Mid-funnel
2026-10-10,product-ad-storyboard-framework,A Simple Storyboard Framework for Product Ads,AI Video Ads,Informational
2026-10-10,product-demo-ad-guide,Product Demo Ads: How to Make the Product the Story,AI Video Ads,Mid-funnel
2026-10-11,product-photo-to-ai-video-ad,From Product Photo to AI Video Ad: A Practical Workflow,AI Video Ads,Commercial
2026-10-11,ai-video-ads-for-product-launches,AI Video Ads for Product Launches,AI Video Ads,Commercial
2026-10-11,ai-product-photography-ecommerce-guide,AI Product Photography for Ecommerce: A Practical Guide,AI Product Visuals,Commercial
2026-10-11,ai-vs-traditional-product-photography,AI Product Photography vs Traditional Product Photography,AI Product Visuals,Commercial
2026-10-11,shopify-product-photography-checklist,Product Photography Checklist for Shopify Brands,AI Product Visuals,Mid-funnel
2026-10-12,ai-lifestyle-product-images,How to Create Lifestyle Product Images With AI,AI Product Visuals,Mid-funnel
2026-10-12,packshot-to-campaign-visual,From Packshot to Campaign Visual: Building a Product Image System,AI Product Visuals,Commercial
2026-10-12,ai-product-photography-skincare,AI Product Photography for Skincare Brands,AI Product Visuals,Commercial
2026-10-12,ai-product-visuals-fashion,AI Product Visuals for Fashion Brands,AI Product Visuals,Commercial
2026-10-12,ai-product-photography-jewellery,AI Product Photography for Jewellery Brands,AI Product Visuals,Commercial
2026-10-13,ai-product-visuals-food-beverage,AI Product Visuals for Food and Beverage Brands,AI Product Visuals,Commercial
2026-10-13,product-image-consistency-at-scale,How to Keep Product Images Consistent Across a Large Catalogue,AI Product Visuals,Mid-funnel
2026-10-13,meta-ads-creative-testing-framework,A Creative Testing Framework for Meta Ads,Meta Ad Creative,Commercial
2026-10-13,meta-creative-fatigue-guide,Creative Fatigue on Meta: What It Looks Like and What to Change,Meta Ad Creative,Mid-funnel
2026-10-13,thumb-stop-hooks-meta-ads,Thumb-Stop Hooks: How to Earn the Next Three Seconds,Meta Ad Creative,Mid-funnel
2026-10-14,static-vs-video-ads-meta,Static Ads vs Video Ads on Meta,Meta Ad Creative,Commercial
2026-10-14,creative-angles-for-d2c-ads,How to Find Better Creative Angles for D2C Ads,Meta Ad Creative,Mid-funnel
2026-10-14,ad-creative-iteration-framework,How to Turn One Winning Ad Into Ten Useful Variants,Meta Ad Creative,Mid-funnel
2026-10-14,creative-metrics-beyond-roas,Creative Metrics Beyond ROAS: What to Watch,Meta Ad Creative,Informational
2026-10-14,why-good-looking-ads-fail,Why Good-Looking Ads Still Fail,Meta Ad Creative,Informational
2026-10-15,creative-testing-budget-guide,How Much Budget Should You Allocate to Creative Testing?,Meta Ad Creative,Commercial
2026-10-15,meta-ad-creative-checklist,Meta Ad Creative Checklist for D2C Brands,Meta Ad Creative,Mid-funnel
2026-10-15,d2c-creative-strategy-guide,How to Build a D2C Creative Strategy,D2C Creative Strategy,Commercial
2026-10-15,d2c-creative-content-engine,Building a Creative Content Engine for a Growing D2C Brand,D2C Creative Strategy,Commercial
2026-10-15,monthly-creative-calendar-d2c,A Monthly Creative Calendar for D2C Brands,D2C Creative Strategy,Mid-funnel
2026-10-16,product-launch-creative-plan,A Creative Plan for Product Launches,D2C Creative Strategy,Commercial
2026-10-16,founder-led-ads-guide,Founder-Led Ads: When They Work and How to Make Them Better,D2C Creative Strategy,Mid-funnel
2026-10-16,performance-creative-brief,How to Write a Better Performance Creative Brief,D2C Creative Strategy,Commercial
2026-10-16,creative-agency-vs-in-house-d2c,Creative Agency vs In-House Team for D2C Brands,D2C Creative Strategy,Commercial
2026-10-16,how-to-choose-ugc-creative-agency,How to Choose a UGC or Creative Agency,D2C Creative Strategy,Commercial
2026-10-17,creative-production-budget-d2c,How to Plan a Creative Production Budget,D2C Creative Strategy,Commercial
2026-10-17,creative-library-organization,How to Organize a Creative Library So Your Team Can Actually Use It,D2C Creative Strategy,Informational
2026-10-17,d2c-skincare-ad-creative-playbook,D2C Skincare Ad Creative: A Practical Playbook,Industry Playbooks,Commercial
2026-10-17,supplement-ad-creative-playbook,Supplement Ad Creative: Building Trust Without Overclaiming,Industry Playbooks,Commercial
2026-10-17,fashion-ad-creative-playbook,"Fashion Ad Creative: How to Sell Fit, Feel and Identity",Industry Playbooks,Commercial
2026-10-18,jewellery-ad-creative-playbook,Jewellery Ad Creative: Making Detail and Desire Visible,Industry Playbooks,Commercial
2026-10-18,food-beverage-ad-creative-playbook,Food & Beverage Ad Creative: Make the Product Feel Immediate,Industry Playbooks,Commercial
2026-10-18,home-decor-ad-creative-playbook,"Home & Decor Ad Creative: Selling the Room, Not Just the Product",Industry Playbooks,Commercial
2026-10-18,fitness-wellness-ad-creative-playbook,Fitness & Wellness Ad Creative: From Motivation to Proof,Industry Playbooks,Commercial
2026-10-18,pet-brand-ad-creative-playbook,Pet Brand Ad Creative: Products Through the Owner's Eyes,Industry Playbooks,Commercial
