Article #,Article title,Slug,Filename,Role,Aspect ratio,Final path,Status,Regenerated? yes/no
1,AI UGC Ads: A Practical Guide for D2C Brands,ai-ugc-ads-guide-d2c-brands,cover.webp,Hero,16:9,Mobisa_Blog_Visuals_Final/ai-ugc-ads-guide-d2c-brands/cover.webp,QA completed,no
1,AI UGC Ads: A Practical Guide for D2C Brands,ai-ugc-ads-guide-d2c-brands,what-ai-ugc-means.webp,Editorial explainer,16:9,Mobisa_Blog_Visuals_Final/ai-ugc-ads-guide-d2c-brands/what-ai-ugc-means.webp,QA completed,no
1,AI UGC Ads: A Practical Guide for D2C Brands,ai-ugc-ads-guide-d2c-brands,creative-mix.webp,Major feature,16:9,Mobisa_Blog_Visuals_Final/ai-ugc-ads-guide-d2c-brands/creative-mix.webp,QA completed,no
1,AI UGC Ads: A Practical Guide for D2C Brands,ai-ugc-ads-guide-d2c-brands,production-workflow.webp,Workflow feature,16:9,Mobisa_Blog_Visuals_Final/ai-ugc-ads-guide-d2c-brands/production-workflow.webp,QA completed,no
1,AI UGC Ads: A Practical Guide for D2C Brands,ai-ugc-ads-guide-d2c-brands,when-not-to-use-ai-ugc.webp,Comparison feature,16:9,Mobisa_Blog_Visuals_Final/ai-ugc-ads-guide-d2c-brands/when-not-to-use-ai-ugc.webp,QA completed,no
2,AI UGC vs Traditional UGC: Which Should Your Brand Use?,ai-ugc-vs-traditional-ugc,cover.webp,Hero comparison,16:9,Mobisa_Blog_Visuals_Final/ai-ugc-vs-traditional-ugc/cover.webp,QA completed,no
2,AI UGC vs Traditional UGC: Which Should Your Brand Use?,ai-ugc-vs-traditional-ugc,comparison-overview.webp,Comparison editorial,16:9,Mobisa_Blog_Visuals_Final/ai-ugc-vs-traditional-ugc/comparison-overview.webp,QA completed,no
2,AI UGC vs Traditional UGC: Which Should Your Brand Use?,ai-ugc-vs-traditional-ugc,when-to-use-ai-ugc.webp,Support editorial,4:3,Mobisa_Blog_Visuals_Final/ai-ugc-vs-traditional-ugc/when-to-use-ai-ugc.webp,QA completed,no
2,AI UGC vs Traditional UGC: Which Should Your Brand Use?,ai-ugc-vs-traditional-ugc,when-to-use-traditional-ugc.webp,Support lifestyle,4:3,Mobisa_Blog_Visuals_Final/ai-ugc-vs-traditional-ugc/when-to-use-traditional-ugc.webp,QA completed,no
2,AI UGC vs Traditional UGC: Which Should Your Brand Use?,ai-ugc-vs-traditional-ugc,hybrid-approach.webp,Closing feature,16:9,Mobisa_Blog_Visuals_Final/ai-ugc-vs-traditional-ugc/hybrid-approach.webp,QA completed,no
3,15 UGC Hooks for D2C Brands,ugc-hooks-for-d2c-brands,cover.webp,Hero,16:9,Mobisa_Blog_Visuals_Final/ugc-hooks-for-d2c-brands/cover.webp,QA completed,no
3,15 UGC Hooks for D2C Brands,ugc-hooks-for-d2c-brands,problem-hook.webp,Example,4:3,Mobisa_Blog_Visuals_Final/ugc-hooks-for-d2c-brands/problem-hook.webp,QA completed,no
3,15 UGC Hooks for D2C Brands,ugc-hooks-for-d2c-brands,curiosity-hook.webp,Example,4:3,Mobisa_Blog_Visuals_Final/ugc-hooks-for-d2c-brands/curiosity-hook.webp,QA completed,no
3,15 UGC Hooks for D2C Brands,ugc-hooks-for-d2c-brands,proof-hook.webp,Example,4:3,Mobisa_Blog_Visuals_Final/ugc-hooks-for-d2c-brands/proof-hook.webp,QA completed,no
3,15 UGC Hooks for D2C Brands,ugc-hooks-for-d2c-brands,pattern-interrupt.webp,Example,4:3,Mobisa_Blog_Visuals_Final/ugc-hooks-for-d2c-brands/pattern-interrupt.webp,QA completed,no
3,15 UGC Hooks for D2C Brands,ugc-hooks-for-d2c-brands,hook-gallery.webp,Closing gallery,16:9,Mobisa_Blog_Visuals_Final/ugc-hooks-for-d2c-brands/hook-gallery.webp,QA completed,no
4,How to Write a UGC Ad Script That Does Not Sound Scripted,how-to-write-ugc-ad-script,cover.webp,Hero,16:9,Mobisa_Blog_Visuals_Final/how-to-write-ugc-ad-script/cover.webp,QA completed,no
4,How to Write a UGC Ad Script That Does Not Sound Scripted,how-to-write-ugc-ad-script,script-anatomy.webp,Annotated editorial,16:9,Mobisa_Blog_Visuals_Final/how-to-write-ugc-ad-script/script-anatomy.webp,QA completed,no
4,How to Write a UGC Ad Script That Does Not Sound Scripted,how-to-write-ugc-ad-script,natural-vs-scripted.webp,Comparison editorial,16:9,Mobisa_Blog_Visuals_Final/how-to-write-ugc-ad-script/natural-vs-scripted.webp,QA completed,no
4,How to Write a UGC Ad Script That Does Not Sound Scripted,how-to-write-ugc-ad-script,delivery-notes.webp,Support visual,4:3,Mobisa_Blog_Visuals_Final/how-to-write-ugc-ad-script/delivery-notes.webp,QA completed,no
5,The First 3 Seconds: How to Build Better UGC Hooks,ugc-first-3-seconds-hooks,cover.webp,Hero,16:9,Mobisa_Blog_Visuals_Final/ugc-first-3-seconds-hooks/cover.webp,QA completed,yes
5,The First 3 Seconds: How to Build Better UGC Hooks,ugc-first-3-seconds-hooks,visual-interrupt.webp,Example,4:3,Mobisa_Blog_Visuals_Final/ugc-first-3-seconds-hooks/visual-interrupt.webp,QA completed,no
5,The First 3 Seconds: How to Build Better UGC Hooks,ugc-first-3-seconds-hooks,specific-opening.webp,Example,4:3,Mobisa_Blog_Visuals_Final/ugc-first-3-seconds-hooks/specific-opening.webp,QA completed,no
5,The First 3 Seconds: How to Build Better UGC Hooks,ugc-first-3-seconds-hooks,product-first-frame.webp,Example,4:3,Mobisa_Blog_Visuals_Final/ugc-first-3-seconds-hooks/product-first-frame.webp,QA completed,no
5,The First 3 Seconds: How to Build Better UGC Hooks,ugc-first-3-seconds-hooks,three-second-sequence.webp,Sequence,16:9,Mobisa_Blog_Visuals_Final/ugc-first-3-seconds-hooks/three-second-sequence.webp,QA completed,no
5,The First 3 Seconds: How to Build Better UGC Hooks,ugc-first-3-seconds-hooks,hook-failures.webp,Closing feature,16:9,Mobisa_Blog_Visuals_Final/ugc-first-3-seconds-hooks/hook-failures.webp,QA completed,no
6,UGC Ads That Do Not Feel Like Ads,ugc-ads-that-dont-feel-like-ads,cover.webp,Hero,16:9,Mobisa_Blog_Visuals_Final/ugc-ads-that-dont-feel-like-ads/cover.webp,QA completed,no
6,UGC Ads That Do Not Feel Like Ads,ugc-ads-that-dont-feel-like-ads,native-framing.webp,Lifestyle editorial,4:3,Mobisa_Blog_Visuals_Final/ugc-ads-that-dont-feel-like-ads/native-framing.webp,QA completed,no
6,UGC Ads That Do Not Feel Like Ads,ugc-ads-that-dont-feel-like-ads,believable-use.webp,Lifestyle editorial,4:3,Mobisa_Blog_Visuals_Final/ugc-ads-that-dont-feel-like-ads/believable-use.webp,QA completed,no
6,UGC Ads That Do Not Feel Like Ads,ugc-ads-that-dont-feel-like-ads,specificity-over-hype.webp,Annotated editorial,4:3,Mobisa_Blog_Visuals_Final/ugc-ads-that-dont-feel-like-ads/specificity-over-hype.webp,QA completed,no
6,UGC Ads That Do Not Feel Like Ads,ugc-ads-that-dont-feel-like-ads,brand-recognition.webp,Editorial product,4:3,Mobisa_Blog_Visuals_Final/ugc-ads-that-dont-feel-like-ads/brand-recognition.webp,QA completed,no
6,UGC Ads That Do Not Feel Like Ads,ugc-ads-that-dont-feel-like-ads,native-feed-gallery.webp,Gallery,16:9,Mobisa_Blog_Visuals_Final/ugc-ads-that-dont-feel-like-ads/native-feed-gallery.webp,QA completed,yes
7,How to Build UGC Ads for Meta,ugc-ads-for-meta,cover.webp,Hero,16:9,Mobisa_Blog_Visuals_Final/ugc-ads-for-meta/cover.webp,QA completed,yes
7,How to Build UGC Ads for Meta,ugc-ads-for-meta,core-concept.webp,Core concept editorial,16:9,Mobisa_Blog_Visuals_Final/ugc-ads-for-meta/core-concept.webp,QA completed,no
7,How to Build UGC Ads for Meta,ugc-ads-for-meta,practical-example.webp,Practical example,4:3,Mobisa_Blog_Visuals_Final/ugc-ads-for-meta/practical-example.webp,QA completed,no
7,How to Build UGC Ads for Meta,ugc-ads-for-meta,takeaway.webp,Takeaway visual,16:9,Mobisa_Blog_Visuals_Final/ugc-ads-for-meta/takeaway.webp,QA completed,no
8,How to Build UGC Ads for TikTok,ugc-ads-for-tiktok,cover.webp,Hero,16:9,Mobisa_Blog_Visuals_Final/ugc-ads-for-tiktok/cover.webp,QA completed,no
8,How to Build UGC Ads for TikTok,ugc-ads-for-tiktok,core-concept.webp,Core concept editorial,16:9,Mobisa_Blog_Visuals_Final/ugc-ads-for-tiktok/core-concept.webp,QA completed,no
8,How to Build UGC Ads for TikTok,ugc-ads-for-tiktok,practical-example.webp,Practical example,4:3,Mobisa_Blog_Visuals_Final/ugc-ads-for-tiktok/practical-example.webp,QA completed,no
8,How to Build UGC Ads for TikTok,ugc-ads-for-tiktok,takeaway.webp,Takeaway visual,16:9,Mobisa_Blog_Visuals_Final/ugc-ads-for-tiktok/takeaway.webp,QA completed,no
9,UGC Ads for Skincare Brands: A Creative Playbook,ugc-ads-for-skincare-brands,cover.webp,Hero,16:9,Mobisa_Blog_Visuals_Final/ugc-ads-for-skincare-brands/cover.webp,QA completed,no
9,UGC Ads for Skincare Brands: A Creative Playbook,ugc-ads-for-skincare-brands,hero-detail.webp,Detail editorial,4:3,Mobisa_Blog_Visuals_Final/ugc-ads-for-skincare-brands/hero-detail.webp,QA completed,no
9,UGC Ads for Skincare Brands: A Creative Playbook,ugc-ads-for-skincare-brands,context-use.webp,Context / lifestyle,4:3,Mobisa_Blog_Visuals_Final/ugc-ads-for-skincare-brands/context-use.webp,QA completed,no
9,UGC Ads for Skincare Brands: A Creative Playbook,ugc-ads-for-skincare-brands,story-moment.webp,Story feature,16:9,Mobisa_Blog_Visuals_Final/ugc-ads-for-skincare-brands/story-moment.webp,QA completed,no
9,UGC Ads for Skincare Brands: A Creative Playbook,ugc-ads-for-skincare-brands,proof.webp,Proof visual,4:3,Mobisa_Blog_Visuals_Final/ugc-ads-for-skincare-brands/proof.webp,QA completed,no
9,UGC Ads for Skincare Brands: A Creative Playbook,ugc-ads-for-skincare-brands,playbook-gallery.webp,Playbook gallery,16:9,Mobisa_Blog_Visuals_Final/ugc-ads-for-skincare-brands/playbook-gallery.webp,QA completed,no
10,UGC Ads for Fashion Brands: Formats That Show the Product,ugc-ads-for-fashion-brands,cover.webp,Hero,16:9,Mobisa_Blog_Visuals_Final/ugc-ads-for-fashion-brands/cover.webp,QA completed,no
10,UGC Ads for Fashion Brands: Formats That Show the Product,ugc-ads-for-fashion-brands,hero-detail.webp,Detail editorial,4:3,Mobisa_Blog_Visuals_Final/ugc-ads-for-fashion-brands/hero-detail.webp,QA completed,no
10,UGC Ads for Fashion Brands: Formats That Show the Product,ugc-ads-for-fashion-brands,context-use.webp,Context / lifestyle,4:3,Mobisa_Blog_Visuals_Final/ugc-ads-for-fashion-brands/context-use.webp,QA completed,no
10,UGC Ads for Fashion Brands: Formats That Show the Product,ugc-ads-for-fashion-brands,story-moment.webp,Story feature,16:9,Mobisa_Blog_Visuals_Final/ugc-ads-for-fashion-brands/story-moment.webp,QA completed,no
10,UGC Ads for Fashion Brands: Formats That Show the Product,ugc-ads-for-fashion-brands,proof.webp,Proof visual,4:3,Mobisa_Blog_Visuals_Final/ugc-ads-for-fashion-brands/proof.webp,QA completed,no
10,UGC Ads for Fashion Brands: Formats That Show the Product,ugc-ads-for-fashion-brands,playbook-gallery.webp,Playbook gallery,16:9,Mobisa_Blog_Visuals_Final/ugc-ads-for-fashion-brands/playbook-gallery.webp,QA completed,no
11,"UGC Ads for Supplements: Trust, Demonstration and Compliance",ugc-ads-for-supplement-brands,cover.webp,Hero,16:9,Mobisa_Blog_Visuals_Final/ugc-ads-for-supplement-brands/cover.webp,QA completed,no
11,"UGC Ads for Supplements: Trust, Demonstration and Compliance",ugc-ads-for-supplement-brands,hero-detail.webp,Detail editorial,4:3,Mobisa_Blog_Visuals_Final/ugc-ads-for-supplement-brands/hero-detail.webp,QA completed,no
11,"UGC Ads for Supplements: Trust, Demonstration and Compliance",ugc-ads-for-supplement-brands,context-use.webp,Context / lifestyle,4:3,Mobisa_Blog_Visuals_Final/ugc-ads-for-supplement-brands/context-use.webp,QA completed,no
11,"UGC Ads for Supplements: Trust, Demonstration and Compliance",ugc-ads-for-supplement-brands,story-moment.webp,Story feature,16:9,Mobisa_Blog_Visuals_Final/ugc-ads-for-supplement-brands/story-moment.webp,QA completed,no
12,How Many UGC Creatives Should a D2C Brand Produce Each Month?,how-many-ugc-creatives-per-month,cover.webp,Hero,16:9,Mobisa_Blog_Visuals_Final/how-many-ugc-creatives-per-month/cover.webp,QA completed,no
12,How Many UGC Creatives Should a D2C Brand Produce Each Month?,how-many-ugc-creatives-per-month,analysis-context.webp,Analysis context,16:9,Mobisa_Blog_Visuals_Final/how-many-ugc-creatives-per-month/analysis-context.webp,QA completed,no
12,How Many UGC Creatives Should a D2C Brand Produce Each Month?,how-many-ugc-creatives-per-month,decision-model.webp,Decision support,16:9,Mobisa_Blog_Visuals_Final/how-many-ugc-creatives-per-month/decision-model.webp,QA completed,no
13,AI Video Ads for Ecommerce: Where They Work Best,ai-video-ads-for-ecommerce,cover.webp,Hero,16:9,Mobisa_Blog_Visuals_Final/ai-video-ads-for-ecommerce/cover.webp,QA completed,yes
13,AI Video Ads for Ecommerce: Where They Work Best,ai-video-ads-for-ecommerce,core-concept.webp,Core concept editorial,16:9,Mobisa_Blog_Visuals_Final/ai-video-ads-for-ecommerce/core-concept.webp,QA completed,yes
13,AI Video Ads for Ecommerce: Where They Work Best,ai-video-ads-for-ecommerce,practical-example.webp,Practical example,4:3,Mobisa_Blog_Visuals_Final/ai-video-ads-for-ecommerce/practical-example.webp,QA completed,no
13,AI Video Ads for Ecommerce: Where They Work Best,ai-video-ads-for-ecommerce,takeaway.webp,Takeaway visual,16:9,Mobisa_Blog_Visuals_Final/ai-video-ads-for-ecommerce/takeaway.webp,QA completed,no
14,How to Write a Product Video Ad Script,product-video-ad-script,cover.webp,Hero,16:9,Mobisa_Blog_Visuals_Final/product-video-ad-script/cover.webp,QA completed,no
14,How to Write a Product Video Ad Script,product-video-ad-script,core-concept.webp,Core concept editorial,16:9,Mobisa_Blog_Visuals_Final/product-video-ad-script/core-concept.webp,QA completed,no
14,How to Write a Product Video Ad Script,product-video-ad-script,practical-example.webp,Practical example,4:3,Mobisa_Blog_Visuals_Final/product-video-ad-script/practical-example.webp,QA completed,no
14,How to Write a Product Video Ad Script,product-video-ad-script,takeaway.webp,Takeaway visual,16:9,Mobisa_Blog_Visuals_Final/product-video-ad-script/takeaway.webp,QA completed,no
15,Cinematic AI Product Ads Without the AI Look,cinematic-ai-product-ads,cover.webp,Hero,16:9,Mobisa_Blog_Visuals_Final/cinematic-ai-product-ads/cover.webp,QA completed,no
15,Cinematic AI Product Ads Without the AI Look,cinematic-ai-product-ads,hero-detail.webp,Detail editorial,4:3,Mobisa_Blog_Visuals_Final/cinematic-ai-product-ads/hero-detail.webp,QA completed,no
15,Cinematic AI Product Ads Without the AI Look,cinematic-ai-product-ads,context-use.webp,Context / lifestyle,4:3,Mobisa_Blog_Visuals_Final/cinematic-ai-product-ads/context-use.webp,QA completed,no
15,Cinematic AI Product Ads Without the AI Look,cinematic-ai-product-ads,story-moment.webp,Story feature,16:9,Mobisa_Blog_Visuals_Final/cinematic-ai-product-ads/story-moment.webp,QA completed,no
15,Cinematic AI Product Ads Without the AI Look,cinematic-ai-product-ads,proof.webp,Proof visual,4:3,Mobisa_Blog_Visuals_Final/cinematic-ai-product-ads/proof.webp,QA completed,no
15,Cinematic AI Product Ads Without the AI Look,cinematic-ai-product-ads,playbook-gallery.webp,Playbook gallery,16:9,Mobisa_Blog_Visuals_Final/cinematic-ai-product-ads/playbook-gallery.webp,QA completed,no
16,How Long Should a Short-Form Video Ad Be?,best-short-form-video-ad-length,cover.webp,Hero,16:9,Mobisa_Blog_Visuals_Final/best-short-form-video-ad-length/cover.webp,QA completed,no
16,How Long Should a Short-Form Video Ad Be?,best-short-form-video-ad-length,analysis-context.webp,Analysis context,16:9,Mobisa_Blog_Visuals_Final/best-short-form-video-ad-length/analysis-context.webp,QA completed,no
16,How Long Should a Short-Form Video Ad Be?,best-short-form-video-ad-length,decision-model.webp,Decision support,16:9,Mobisa_Blog_Visuals_Final/best-short-form-video-ad-length/decision-model.webp,QA completed,no
17,AI Video vs Traditional Production for Product Advertising,ai-video-vs-traditional-production,cover.webp,Hero,16:9,Mobisa_Blog_Visuals_Final/ai-video-vs-traditional-production/cover.webp,QA completed,no
17,AI Video vs Traditional Production for Product Advertising,ai-video-vs-traditional-production,side-a.webp,Comparison side A,4:3,Mobisa_Blog_Visuals_Final/ai-video-vs-traditional-production/side-a.webp,QA completed,no
17,AI Video vs Traditional Production for Product Advertising,ai-video-vs-traditional-production,side-b.webp,Comparison side B,4:3,Mobisa_Blog_Visuals_Final/ai-video-vs-traditional-production/side-b.webp,QA completed,no
17,AI Video vs Traditional Production for Product Advertising,ai-video-vs-traditional-production,decision-visual.webp,Decision feature,16:9,Mobisa_Blog_Visuals_Final/ai-video-vs-traditional-production/decision-visual.webp,QA completed,no
18,How to Design 9:16 Product Video Ads,vertical-product-video-ads-9-16,cover.webp,Hero,16:9,Mobisa_Blog_Visuals_Final/vertical-product-video-ads-9-16/cover.webp,QA completed,no
18,How to Design 9:16 Product Video Ads,vertical-product-video-ads-9-16,core-concept.webp,Core concept editorial,16:9,Mobisa_Blog_Visuals_Final/vertical-product-video-ads-9-16/core-concept.webp,QA completed,no
18,How to Design 9:16 Product Video Ads,vertical-product-video-ads-9-16,practical-example.webp,Practical example,4:3,Mobisa_Blog_Visuals_Final/vertical-product-video-ads-9-16/practical-example.webp,QA completed,no
18,How to Design 9:16 Product Video Ads,vertical-product-video-ads-9-16,takeaway.webp,Takeaway visual,16:9,Mobisa_Blog_Visuals_Final/vertical-product-video-ads-9-16/takeaway.webp,QA completed,no
19,A Simple Storyboard Framework for Product Ads,product-ad-storyboard-framework,cover.webp,Hero,16:9,Mobisa_Blog_Visuals_Final/product-ad-storyboard-framework/cover.webp,QA completed,no
19,A Simple Storyboard Framework for Product Ads,product-ad-storyboard-framework,starting-point.webp,Starting point,4:3,Mobisa_Blog_Visuals_Final/product-ad-storyboard-framework/starting-point.webp,QA completed,no
19,A Simple Storyboard Framework for Product Ads,product-ad-storyboard-framework,process-in-motion.webp,Process editorial,16:9,Mobisa_Blog_Visuals_Final/product-ad-storyboard-framework/process-in-motion.webp,QA completed,no
19,A Simple Storyboard Framework for Product Ads,product-ad-storyboard-framework,result.webp,Finished result,4:3,Mobisa_Blog_Visuals_Final/product-ad-storyboard-framework/result.webp,QA completed,no
19,A Simple Storyboard Framework for Product Ads,product-ad-storyboard-framework,before-after.webp,Transformation feature,16:9,Mobisa_Blog_Visuals_Final/product-ad-storyboard-framework/before-after.webp,QA completed,no
20,Product Demo Ads: How to Make the Product the Story,product-demo-ad-guide,cover.webp,Hero,16:9,Mobisa_Blog_Visuals_Final/product-demo-ad-guide/cover.webp,QA completed,no
20,Product Demo Ads: How to Make the Product the Story,product-demo-ad-guide,example-01.webp,Example visual,4:3,Mobisa_Blog_Visuals_Final/product-demo-ad-guide/example-01.webp,QA completed,no
20,Product Demo Ads: How to Make the Product the Story,product-demo-ad-guide,example-02.webp,Example visual,4:3,Mobisa_Blog_Visuals_Final/product-demo-ad-guide/example-02.webp,QA completed,no
20,Product Demo Ads: How to Make the Product the Story,product-demo-ad-guide,example-03.webp,Example visual,4:3,Mobisa_Blog_Visuals_Final/product-demo-ad-guide/example-03.webp,QA completed,no
20,Product Demo Ads: How to Make the Product the Story,product-demo-ad-guide,example-04.webp,Example visual,4:3,Mobisa_Blog_Visuals_Final/product-demo-ad-guide/example-04.webp,QA completed,no
20,Product Demo Ads: How to Make the Product the Story,product-demo-ad-guide,examples-gallery.webp,Gallery / synthesis,16:9,Mobisa_Blog_Visuals_Final/product-demo-ad-guide/examples-gallery.webp,QA completed,no
21,From Product Photo to AI Video Ad: A Practical Workflow,product-photo-to-ai-video-ad,cover.webp,Hero,16:9,Mobisa_Blog_Visuals_Final/product-photo-to-ai-video-ad/cover.webp,QA completed,no
21,From Product Photo to AI Video Ad: A Practical Workflow,product-photo-to-ai-video-ad,starting-point.webp,Starting point,4:3,Mobisa_Blog_Visuals_Final/product-photo-to-ai-video-ad/starting-point.webp,QA completed,no
21,From Product Photo to AI Video Ad: A Practical Workflow,product-photo-to-ai-video-ad,process-in-motion.webp,Process editorial,16:9,Mobisa_Blog_Visuals_Final/product-photo-to-ai-video-ad/process-in-motion.webp,QA completed,no
21,From Product Photo to AI Video Ad: A Practical Workflow,product-photo-to-ai-video-ad,result.webp,Finished result,4:3,Mobisa_Blog_Visuals_Final/product-photo-to-ai-video-ad/result.webp,QA completed,no
21,From Product Photo to AI Video Ad: A Practical Workflow,product-photo-to-ai-video-ad,before-after.webp,Transformation feature,16:9,Mobisa_Blog_Visuals_Final/product-photo-to-ai-video-ad/before-after.webp,QA completed,no
22,AI Video Ads for Product Launches,ai-video-ads-for-product-launches,cover.webp,Hero,16:9,Mobisa_Blog_Visuals_Final/ai-video-ads-for-product-launches/cover.webp,QA completed,no
22,AI Video Ads for Product Launches,ai-video-ads-for-product-launches,strategy-context.webp,Strategy context,4:3,Mobisa_Blog_Visuals_Final/ai-video-ads-for-product-launches/strategy-context.webp,QA completed,no
22,AI Video Ads for Product Launches,ai-video-ads-for-product-launches,system-visual.webp,System feature,16:9,Mobisa_Blog_Visuals_Final/ai-video-ads-for-product-launches/system-visual.webp,QA completed,no
22,AI Video Ads for Product Launches,ai-video-ads-for-product-launches,execution-example.webp,Execution example,4:3,Mobisa_Blog_Visuals_Final/ai-video-ads-for-product-launches/execution-example.webp,QA completed,no
23,AI Product Photography for Ecommerce: A Practical Guide,ai-product-photography-ecommerce-guide,cover.webp,Hero,16:9,Mobisa_Blog_Visuals_Final/ai-product-photography-ecommerce-guide/cover.webp,QA completed,no
23,AI Product Photography for Ecommerce: A Practical Guide,ai-product-photography-ecommerce-guide,core-concept.webp,Core concept editorial,16:9,Mobisa_Blog_Visuals_Final/ai-product-photography-ecommerce-guide/core-concept.webp,QA completed,no
23,AI Product Photography for Ecommerce: A Practical Guide,ai-product-photography-ecommerce-guide,practical-example.webp,Practical example,4:3,Mobisa_Blog_Visuals_Final/ai-product-photography-ecommerce-guide/practical-example.webp,QA completed,no
23,AI Product Photography for Ecommerce: A Practical Guide,ai-product-photography-ecommerce-guide,takeaway.webp,Takeaway visual,16:9,Mobisa_Blog_Visuals_Final/ai-product-photography-ecommerce-guide/takeaway.webp,QA completed,no
24,AI Product Photography vs Traditional Product Photography,ai-vs-traditional-product-photography,cover.webp,Hero,16:9,Mobisa_Blog_Visuals_Final/ai-vs-traditional-product-photography/cover.webp,QA completed,no
24,AI Product Photography vs Traditional Product Photography,ai-vs-traditional-product-photography,side-a.webp,Comparison side A,4:3,Mobisa_Blog_Visuals_Final/ai-vs-traditional-product-photography/side-a.webp,QA completed,no
24,AI Product Photography vs Traditional Product Photography,ai-vs-traditional-product-photography,side-b.webp,Comparison side B,4:3,Mobisa_Blog_Visuals_Final/ai-vs-traditional-product-photography/side-b.webp,QA completed,no
24,AI Product Photography vs Traditional Product Photography,ai-vs-traditional-product-photography,decision-visual.webp,Decision feature,16:9,Mobisa_Blog_Visuals_Final/ai-vs-traditional-product-photography/decision-visual.webp,QA completed,no
25,Product Photography Checklist for Shopify Brands,shopify-product-photography-checklist,cover.webp,Hero,16:9,Mobisa_Blog_Visuals_Final/shopify-product-photography-checklist/cover.webp,QA completed,no
25,Product Photography Checklist for Shopify Brands,shopify-product-photography-checklist,core-concept.webp,Core concept editorial,16:9,Mobisa_Blog_Visuals_Final/shopify-product-photography-checklist/core-concept.webp,QA completed,no
25,Product Photography Checklist for Shopify Brands,shopify-product-photography-checklist,practical-example.webp,Practical example,4:3,Mobisa_Blog_Visuals_Final/shopify-product-photography-checklist/practical-example.webp,QA completed,no
25,Product Photography Checklist for Shopify Brands,shopify-product-photography-checklist,takeaway.webp,Takeaway visual,16:9,Mobisa_Blog_Visuals_Final/shopify-product-photography-checklist/takeaway.webp,QA completed,no
26,How to Create Lifestyle Product Images With AI,ai-lifestyle-product-images,cover.webp,Hero,16:9,Mobisa_Blog_Visuals_Final/ai-lifestyle-product-images/cover.webp,QA completed,no
26,How to Create Lifestyle Product Images With AI,ai-lifestyle-product-images,starting-point.webp,Starting point,4:3,Mobisa_Blog_Visuals_Final/ai-lifestyle-product-images/starting-point.webp,QA completed,no
26,How to Create Lifestyle Product Images With AI,ai-lifestyle-product-images,process-in-motion.webp,Process editorial,16:9,Mobisa_Blog_Visuals_Final/ai-lifestyle-product-images/process-in-motion.webp,QA completed,no
26,How to Create Lifestyle Product Images With AI,ai-lifestyle-product-images,result.webp,Finished result,4:3,Mobisa_Blog_Visuals_Final/ai-lifestyle-product-images/result.webp,QA completed,no
26,How to Create Lifestyle Product Images With AI,ai-lifestyle-product-images,before-after.webp,Transformation feature,16:9,Mobisa_Blog_Visuals_Final/ai-lifestyle-product-images/before-after.webp,QA completed,no
27,From Packshot to Campaign Visual: Building a Product Image System,packshot-to-campaign-visual,cover.webp,Hero,16:9,Mobisa_Blog_Visuals_Final/packshot-to-campaign-visual/cover.webp,QA completed,no
27,From Packshot to Campaign Visual: Building a Product Image System,packshot-to-campaign-visual,starting-point.webp,Starting point,4:3,Mobisa_Blog_Visuals_Final/packshot-to-campaign-visual/starting-point.webp,QA completed,no
27,From Packshot to Campaign Visual: Building a Product Image System,packshot-to-campaign-visual,process-in-motion.webp,Process editorial,16:9,Mobisa_Blog_Visuals_Final/packshot-to-campaign-visual/process-in-motion.webp,QA completed,no
27,From Packshot to Campaign Visual: Building a Product Image System,packshot-to-campaign-visual,result.webp,Finished result,4:3,Mobisa_Blog_Visuals_Final/packshot-to-campaign-visual/result.webp,QA completed,no
27,From Packshot to Campaign Visual: Building a Product Image System,packshot-to-campaign-visual,before-after.webp,Transformation feature,16:9,Mobisa_Blog_Visuals_Final/packshot-to-campaign-visual/before-after.webp,QA completed,no
28,AI Product Photography for Skincare Brands,ai-product-photography-skincare,cover.webp,Hero,16:9,Mobisa_Blog_Visuals_Final/ai-product-photography-skincare/cover.webp,QA completed,no
28,AI Product Photography for Skincare Brands,ai-product-photography-skincare,hero-detail.webp,Detail editorial,4:3,Mobisa_Blog_Visuals_Final/ai-product-photography-skincare/hero-detail.webp,QA completed,no
28,AI Product Photography for Skincare Brands,ai-product-photography-skincare,context-use.webp,Context / lifestyle,4:3,Mobisa_Blog_Visuals_Final/ai-product-photography-skincare/context-use.webp,QA completed,no
28,AI Product Photography for Skincare Brands,ai-product-photography-skincare,story-moment.webp,Story feature,16:9,Mobisa_Blog_Visuals_Final/ai-product-photography-skincare/story-moment.webp,QA completed,no
28,AI Product Photography for Skincare Brands,ai-product-photography-skincare,proof.webp,Proof visual,4:3,Mobisa_Blog_Visuals_Final/ai-product-photography-skincare/proof.webp,QA completed,no
28,AI Product Photography for Skincare Brands,ai-product-photography-skincare,playbook-gallery.webp,Playbook gallery,16:9,Mobisa_Blog_Visuals_Final/ai-product-photography-skincare/playbook-gallery.webp,QA completed,yes
29,AI Product Visuals for Fashion Brands,ai-product-visuals-fashion,cover.webp,Hero,16:9,Mobisa_Blog_Visuals_Final/ai-product-visuals-fashion/cover.webp,QA completed,no
29,AI Product Visuals for Fashion Brands,ai-product-visuals-fashion,hero-detail.webp,Detail editorial,4:3,Mobisa_Blog_Visuals_Final/ai-product-visuals-fashion/hero-detail.webp,QA completed,no
29,AI Product Visuals for Fashion Brands,ai-product-visuals-fashion,context-use.webp,Context / lifestyle,4:3,Mobisa_Blog_Visuals_Final/ai-product-visuals-fashion/context-use.webp,QA completed,no
29,AI Product Visuals for Fashion Brands,ai-product-visuals-fashion,story-moment.webp,Story feature,16:9,Mobisa_Blog_Visuals_Final/ai-product-visuals-fashion/story-moment.webp,QA completed,no
29,AI Product Visuals for Fashion Brands,ai-product-visuals-fashion,proof.webp,Proof visual,4:3,Mobisa_Blog_Visuals_Final/ai-product-visuals-fashion/proof.webp,QA completed,no
29,AI Product Visuals for Fashion Brands,ai-product-visuals-fashion,playbook-gallery.webp,Playbook gallery,16:9,Mobisa_Blog_Visuals_Final/ai-product-visuals-fashion/playbook-gallery.webp,QA completed,no
30,AI Product Photography for Jewellery Brands,ai-product-photography-jewellery,cover.webp,Hero,16:9,Mobisa_Blog_Visuals_Final/ai-product-photography-jewellery/cover.webp,QA completed,no
30,AI Product Photography for Jewellery Brands,ai-product-photography-jewellery,hero-detail.webp,Detail editorial,4:3,Mobisa_Blog_Visuals_Final/ai-product-photography-jewellery/hero-detail.webp,QA completed,no
30,AI Product Photography for Jewellery Brands,ai-product-photography-jewellery,context-use.webp,Context / lifestyle,4:3,Mobisa_Blog_Visuals_Final/ai-product-photography-jewellery/context-use.webp,QA completed,no
30,AI Product Photography for Jewellery Brands,ai-product-photography-jewellery,story-moment.webp,Story feature,16:9,Mobisa_Blog_Visuals_Final/ai-product-photography-jewellery/story-moment.webp,QA completed,no
30,AI Product Photography for Jewellery Brands,ai-product-photography-jewellery,proof.webp,Proof visual,4:3,Mobisa_Blog_Visuals_Final/ai-product-photography-jewellery/proof.webp,QA completed,no
30,AI Product Photography for Jewellery Brands,ai-product-photography-jewellery,playbook-gallery.webp,Playbook gallery,16:9,Mobisa_Blog_Visuals_Final/ai-product-photography-jewellery/playbook-gallery.webp,QA completed,no
31,AI Product Visuals for Food and Beverage Brands,ai-product-visuals-food-beverage,cover.webp,Hero,16:9,Mobisa_Blog_Visuals_Final/ai-product-visuals-food-beverage/cover.webp,QA completed,no
31,AI Product Visuals for Food and Beverage Brands,ai-product-visuals-food-beverage,hero-detail.webp,Detail editorial,4:3,Mobisa_Blog_Visuals_Final/ai-product-visuals-food-beverage/hero-detail.webp,QA completed,no
31,AI Product Visuals for Food and Beverage Brands,ai-product-visuals-food-beverage,context-use.webp,Context / lifestyle,4:3,Mobisa_Blog_Visuals_Final/ai-product-visuals-food-beverage/context-use.webp,QA completed,no
31,AI Product Visuals for Food and Beverage Brands,ai-product-visuals-food-beverage,story-moment.webp,Story feature,16:9,Mobisa_Blog_Visuals_Final/ai-product-visuals-food-beverage/story-moment.webp,QA completed,no
31,AI Product Visuals for Food and Beverage Brands,ai-product-visuals-food-beverage,proof.webp,Proof visual,4:3,Mobisa_Blog_Visuals_Final/ai-product-visuals-food-beverage/proof.webp,QA completed,no
31,AI Product Visuals for Food and Beverage Brands,ai-product-visuals-food-beverage,playbook-gallery.webp,Playbook gallery,16:9,Mobisa_Blog_Visuals_Final/ai-product-visuals-food-beverage/playbook-gallery.webp,QA completed,no
32,How to Keep Product Images Consistent Across a Large Catalogue,product-image-consistency-at-scale,cover.webp,Hero,16:9,Mobisa_Blog_Visuals_Final/product-image-consistency-at-scale/cover.webp,QA completed,no
32,How to Keep Product Images Consistent Across a Large Catalogue,product-image-consistency-at-scale,strategy-context.webp,Strategy context,4:3,Mobisa_Blog_Visuals_Final/product-image-consistency-at-scale/strategy-context.webp,QA completed,no
32,How to Keep Product Images Consistent Across a Large Catalogue,product-image-consistency-at-scale,system-visual.webp,System feature,16:9,Mobisa_Blog_Visuals_Final/product-image-consistency-at-scale/system-visual.webp,QA completed,no
32,How to Keep Product Images Consistent Across a Large Catalogue,product-image-consistency-at-scale,execution-example.webp,Execution example,4:3,Mobisa_Blog_Visuals_Final/product-image-consistency-at-scale/execution-example.webp,QA completed,no
33,A Creative Testing Framework for Meta Ads,meta-ads-creative-testing-framework,cover.webp,Hero,16:9,Mobisa_Blog_Visuals_Final/meta-ads-creative-testing-framework/cover.webp,QA completed,no
33,A Creative Testing Framework for Meta Ads,meta-ads-creative-testing-framework,strategy-context.webp,Strategy context,4:3,Mobisa_Blog_Visuals_Final/meta-ads-creative-testing-framework/strategy-context.webp,QA completed,no
33,A Creative Testing Framework for Meta Ads,meta-ads-creative-testing-framework,system-visual.webp,System feature,16:9,Mobisa_Blog_Visuals_Final/meta-ads-creative-testing-framework/system-visual.webp,QA completed,no
33,A Creative Testing Framework for Meta Ads,meta-ads-creative-testing-framework,execution-example.webp,Execution example,4:3,Mobisa_Blog_Visuals_Final/meta-ads-creative-testing-framework/execution-example.webp,QA completed,no
34,Creative Fatigue on Meta: What It Looks Like and What to Change,meta-creative-fatigue-guide,cover.webp,Hero,16:9,Mobisa_Blog_Visuals_Final/meta-creative-fatigue-guide/cover.webp,QA completed,no
34,Creative Fatigue on Meta: What It Looks Like and What to Change,meta-creative-fatigue-guide,analysis-context.webp,Analysis context,16:9,Mobisa_Blog_Visuals_Final/meta-creative-fatigue-guide/analysis-context.webp,QA completed,no
34,Creative Fatigue on Meta: What It Looks Like and What to Change,meta-creative-fatigue-guide,decision-model.webp,Decision support,16:9,Mobisa_Blog_Visuals_Final/meta-creative-fatigue-guide/decision-model.webp,QA completed,no
35,Thumb-Stop Hooks: How to Earn the Next Three Seconds,thumb-stop-hooks-meta-ads,cover.webp,Hero,16:9,Mobisa_Blog_Visuals_Final/thumb-stop-hooks-meta-ads/cover.webp,QA completed,no
35,Thumb-Stop Hooks: How to Earn the Next Three Seconds,thumb-stop-hooks-meta-ads,example-01.webp,Example visual,4:3,Mobisa_Blog_Visuals_Final/thumb-stop-hooks-meta-ads/example-01.webp,QA completed,no
35,Thumb-Stop Hooks: How to Earn the Next Three Seconds,thumb-stop-hooks-meta-ads,example-02.webp,Example visual,4:3,Mobisa_Blog_Visuals_Final/thumb-stop-hooks-meta-ads/example-02.webp,QA completed,no
35,Thumb-Stop Hooks: How to Earn the Next Three Seconds,thumb-stop-hooks-meta-ads,example-03.webp,Example visual,4:3,Mobisa_Blog_Visuals_Final/thumb-stop-hooks-meta-ads/example-03.webp,QA completed,no
35,Thumb-Stop Hooks: How to Earn the Next Three Seconds,thumb-stop-hooks-meta-ads,example-04.webp,Example visual,4:3,Mobisa_Blog_Visuals_Final/thumb-stop-hooks-meta-ads/example-04.webp,QA completed,no
35,Thumb-Stop Hooks: How to Earn the Next Three Seconds,thumb-stop-hooks-meta-ads,examples-gallery.webp,Gallery / synthesis,16:9,Mobisa_Blog_Visuals_Final/thumb-stop-hooks-meta-ads/examples-gallery.webp,QA completed,no
36,Static Ads vs Video Ads on Meta,static-vs-video-ads-meta,cover.webp,Hero,16:9,Mobisa_Blog_Visuals_Final/static-vs-video-ads-meta/cover.webp,QA completed,no
36,Static Ads vs Video Ads on Meta,static-vs-video-ads-meta,side-a.webp,Comparison side A,4:3,Mobisa_Blog_Visuals_Final/static-vs-video-ads-meta/side-a.webp,QA completed,no
36,Static Ads vs Video Ads on Meta,static-vs-video-ads-meta,side-b.webp,Comparison side B,4:3,Mobisa_Blog_Visuals_Final/static-vs-video-ads-meta/side-b.webp,QA completed,no
36,Static Ads vs Video Ads on Meta,static-vs-video-ads-meta,decision-visual.webp,Decision feature,16:9,Mobisa_Blog_Visuals_Final/static-vs-video-ads-meta/decision-visual.webp,QA completed,no
37,How to Find Better Creative Angles for D2C Ads,creative-angles-for-d2c-ads,cover.webp,Hero,16:9,Mobisa_Blog_Visuals_Final/creative-angles-for-d2c-ads/cover.webp,QA completed,no
37,How to Find Better Creative Angles for D2C Ads,creative-angles-for-d2c-ads,strategy-context.webp,Strategy context,4:3,Mobisa_Blog_Visuals_Final/creative-angles-for-d2c-ads/strategy-context.webp,QA completed,no
37,How to Find Better Creative Angles for D2C Ads,creative-angles-for-d2c-ads,system-visual.webp,System feature,16:9,Mobisa_Blog_Visuals_Final/creative-angles-for-d2c-ads/system-visual.webp,QA completed,no
37,How to Find Better Creative Angles for D2C Ads,creative-angles-for-d2c-ads,execution-example.webp,Execution example,4:3,Mobisa_Blog_Visuals_Final/creative-angles-for-d2c-ads/execution-example.webp,QA completed,no
38,How to Turn One Winning Ad Into Ten Useful Variants,ad-creative-iteration-framework,cover.webp,Hero,16:9,Mobisa_Blog_Visuals_Final/ad-creative-iteration-framework/cover.webp,QA completed,no
38,How to Turn One Winning Ad Into Ten Useful Variants,ad-creative-iteration-framework,starting-point.webp,Starting point,4:3,Mobisa_Blog_Visuals_Final/ad-creative-iteration-framework/starting-point.webp,QA completed,no
38,How to Turn One Winning Ad Into Ten Useful Variants,ad-creative-iteration-framework,process-in-motion.webp,Process editorial,16:9,Mobisa_Blog_Visuals_Final/ad-creative-iteration-framework/process-in-motion.webp,QA completed,no
38,How to Turn One Winning Ad Into Ten Useful Variants,ad-creative-iteration-framework,result.webp,Finished result,4:3,Mobisa_Blog_Visuals_Final/ad-creative-iteration-framework/result.webp,QA completed,no
38,How to Turn One Winning Ad Into Ten Useful Variants,ad-creative-iteration-framework,before-after.webp,Transformation feature,16:9,Mobisa_Blog_Visuals_Final/ad-creative-iteration-framework/before-after.webp,QA completed,no
39,Creative Metrics Beyond ROAS: What to Watch,creative-metrics-beyond-roas,cover.webp,Hero,16:9,Mobisa_Blog_Visuals_Final/creative-metrics-beyond-roas/cover.webp,QA completed,no
39,Creative Metrics Beyond ROAS: What to Watch,creative-metrics-beyond-roas,analysis-context.webp,Analysis context,16:9,Mobisa_Blog_Visuals_Final/creative-metrics-beyond-roas/analysis-context.webp,QA completed,no
39,Creative Metrics Beyond ROAS: What to Watch,creative-metrics-beyond-roas,decision-model.webp,Decision support,16:9,Mobisa_Blog_Visuals_Final/creative-metrics-beyond-roas/decision-model.webp,QA completed,no
40,Why Good-Looking Ads Still Fail,why-good-looking-ads-fail,cover.webp,Hero,16:9,Mobisa_Blog_Visuals_Final/why-good-looking-ads-fail/cover.webp,QA completed,no
40,Why Good-Looking Ads Still Fail,why-good-looking-ads-fail,analysis-context.webp,Analysis context,16:9,Mobisa_Blog_Visuals_Final/why-good-looking-ads-fail/analysis-context.webp,QA completed,no
40,Why Good-Looking Ads Still Fail,why-good-looking-ads-fail,decision-model.webp,Decision support,16:9,Mobisa_Blog_Visuals_Final/why-good-looking-ads-fail/decision-model.webp,QA completed,no
41,How Much Budget Should You Allocate to Creative Testing?,creative-testing-budget-guide,cover.webp,Hero,16:9,Mobisa_Blog_Visuals_Final/creative-testing-budget-guide/cover.webp,QA completed,no
41,How Much Budget Should You Allocate to Creative Testing?,creative-testing-budget-guide,analysis-context.webp,Analysis context,16:9,Mobisa_Blog_Visuals_Final/creative-testing-budget-guide/analysis-context.webp,QA completed,no
41,How Much Budget Should You Allocate to Creative Testing?,creative-testing-budget-guide,decision-model.webp,Decision support,16:9,Mobisa_Blog_Visuals_Final/creative-testing-budget-guide/decision-model.webp,QA completed,no
42,Meta Ad Creative Checklist for D2C Brands,meta-ad-creative-checklist,cover.webp,Hero,16:9,Mobisa_Blog_Visuals_Final/meta-ad-creative-checklist/cover.webp,QA completed,no
42,Meta Ad Creative Checklist for D2C Brands,meta-ad-creative-checklist,core-concept.webp,Core concept editorial,16:9,Mobisa_Blog_Visuals_Final/meta-ad-creative-checklist/core-concept.webp,QA completed,no
42,Meta Ad Creative Checklist for D2C Brands,meta-ad-creative-checklist,practical-example.webp,Practical example,4:3,Mobisa_Blog_Visuals_Final/meta-ad-creative-checklist/practical-example.webp,QA completed,no
42,Meta Ad Creative Checklist for D2C Brands,meta-ad-creative-checklist,takeaway.webp,Takeaway visual,16:9,Mobisa_Blog_Visuals_Final/meta-ad-creative-checklist/takeaway.webp,QA completed,no
43,How to Build a D2C Creative Strategy,d2c-creative-strategy-guide,cover.webp,Hero,16:9,Mobisa_Blog_Visuals_Final/d2c-creative-strategy-guide/cover.webp,QA completed,no
43,How to Build a D2C Creative Strategy,d2c-creative-strategy-guide,strategy-context.webp,Strategy context,4:3,Mobisa_Blog_Visuals_Final/d2c-creative-strategy-guide/strategy-context.webp,QA completed,no
43,How to Build a D2C Creative Strategy,d2c-creative-strategy-guide,system-visual.webp,System feature,16:9,Mobisa_Blog_Visuals_Final/d2c-creative-strategy-guide/system-visual.webp,QA completed,no
43,How to Build a D2C Creative Strategy,d2c-creative-strategy-guide,execution-example.webp,Execution example,4:3,Mobisa_Blog_Visuals_Final/d2c-creative-strategy-guide/execution-example.webp,QA completed,no
44,Building a Creative Content Engine for a Growing D2C Brand,d2c-creative-content-engine,cover.webp,Hero,16:9,Mobisa_Blog_Visuals_Final/d2c-creative-content-engine/cover.webp,QA completed,no
44,Building a Creative Content Engine for a Growing D2C Brand,d2c-creative-content-engine,strategy-context.webp,Strategy context,4:3,Mobisa_Blog_Visuals_Final/d2c-creative-content-engine/strategy-context.webp,QA completed,no
44,Building a Creative Content Engine for a Growing D2C Brand,d2c-creative-content-engine,system-visual.webp,System feature,16:9,Mobisa_Blog_Visuals_Final/d2c-creative-content-engine/system-visual.webp,QA completed,no
44,Building a Creative Content Engine for a Growing D2C Brand,d2c-creative-content-engine,execution-example.webp,Execution example,4:3,Mobisa_Blog_Visuals_Final/d2c-creative-content-engine/execution-example.webp,QA completed,no
45,A Monthly Creative Calendar for D2C Brands,monthly-creative-calendar-d2c,cover.webp,Hero,16:9,Mobisa_Blog_Visuals_Final/monthly-creative-calendar-d2c/cover.webp,QA completed,yes
45,A Monthly Creative Calendar for D2C Brands,monthly-creative-calendar-d2c,strategy-context.webp,Strategy context,4:3,Mobisa_Blog_Visuals_Final/monthly-creative-calendar-d2c/strategy-context.webp,QA completed,yes
45,A Monthly Creative Calendar for D2C Brands,monthly-creative-calendar-d2c,system-visual.webp,System feature,16:9,Mobisa_Blog_Visuals_Final/monthly-creative-calendar-d2c/system-visual.webp,QA completed,no
45,A Monthly Creative Calendar for D2C Brands,monthly-creative-calendar-d2c,execution-example.webp,Execution example,4:3,Mobisa_Blog_Visuals_Final/monthly-creative-calendar-d2c/execution-example.webp,QA completed,no
46,A Creative Plan for Product Launches,product-launch-creative-plan,cover.webp,Hero,16:9,Mobisa_Blog_Visuals_Final/product-launch-creative-plan/cover.webp,QA completed,no
46,A Creative Plan for Product Launches,product-launch-creative-plan,strategy-context.webp,Strategy context,4:3,Mobisa_Blog_Visuals_Final/product-launch-creative-plan/strategy-context.webp,QA completed,no
46,A Creative Plan for Product Launches,product-launch-creative-plan,system-visual.webp,System feature,16:9,Mobisa_Blog_Visuals_Final/product-launch-creative-plan/system-visual.webp,QA completed,no
46,A Creative Plan for Product Launches,product-launch-creative-plan,execution-example.webp,Execution example,4:3,Mobisa_Blog_Visuals_Final/product-launch-creative-plan/execution-example.webp,QA completed,no
47,Founder-Led Ads: When They Work and How to Make Them Better,founder-led-ads-guide,cover.webp,Hero,16:9,Mobisa_Blog_Visuals_Final/founder-led-ads-guide/cover.webp,QA completed,no
47,Founder-Led Ads: When They Work and How to Make Them Better,founder-led-ads-guide,core-concept.webp,Core concept editorial,16:9,Mobisa_Blog_Visuals_Final/founder-led-ads-guide/core-concept.webp,QA completed,no
47,Founder-Led Ads: When They Work and How to Make Them Better,founder-led-ads-guide,practical-example.webp,Practical example,4:3,Mobisa_Blog_Visuals_Final/founder-led-ads-guide/practical-example.webp,QA completed,no
47,Founder-Led Ads: When They Work and How to Make Them Better,founder-led-ads-guide,takeaway.webp,Takeaway visual,16:9,Mobisa_Blog_Visuals_Final/founder-led-ads-guide/takeaway.webp,QA completed,no
48,How to Write a Better Performance Creative Brief,performance-creative-brief,cover.webp,Hero,16:9,Mobisa_Blog_Visuals_Final/performance-creative-brief/cover.webp,QA completed,no
48,How to Write a Better Performance Creative Brief,performance-creative-brief,core-concept.webp,Core concept editorial,16:9,Mobisa_Blog_Visuals_Final/performance-creative-brief/core-concept.webp,QA completed,no
48,How to Write a Better Performance Creative Brief,performance-creative-brief,practical-example.webp,Practical example,4:3,Mobisa_Blog_Visuals_Final/performance-creative-brief/practical-example.webp,QA completed,yes
49,Creative Agency vs In-House Team for D2C Brands,creative-agency-vs-in-house-d2c,cover.webp,Hero,16:9,Mobisa_Blog_Visuals_Final/creative-agency-vs-in-house-d2c/cover.webp,QA completed,no
49,Creative Agency vs In-House Team for D2C Brands,creative-agency-vs-in-house-d2c,side-a.webp,Comparison side A,4:3,Mobisa_Blog_Visuals_Final/creative-agency-vs-in-house-d2c/side-a.webp,QA completed,no
49,Creative Agency vs In-House Team for D2C Brands,creative-agency-vs-in-house-d2c,side-b.webp,Comparison side B,4:3,Mobisa_Blog_Visuals_Final/creative-agency-vs-in-house-d2c/side-b.webp,QA completed,no
49,Creative Agency vs In-House Team for D2C Brands,creative-agency-vs-in-house-d2c,decision-visual.webp,Decision feature,16:9,Mobisa_Blog_Visuals_Final/creative-agency-vs-in-house-d2c/decision-visual.webp,QA completed,yes
50,How to Choose a UGC or Creative Agency,how-to-choose-ugc-creative-agency,cover.webp,Hero,16:9,Mobisa_Blog_Visuals_Final/how-to-choose-ugc-creative-agency/cover.webp,QA completed,no
50,How to Choose a UGC or Creative Agency,how-to-choose-ugc-creative-agency,analysis-context.webp,Analysis context,16:9,Mobisa_Blog_Visuals_Final/how-to-choose-ugc-creative-agency/analysis-context.webp,QA completed,no
50,How to Choose a UGC or Creative Agency,how-to-choose-ugc-creative-agency,decision-model.webp,Decision support,16:9,Mobisa_Blog_Visuals_Final/how-to-choose-ugc-creative-agency/decision-model.webp,QA completed,no
51,How to Plan a Creative Production Budget,creative-production-budget-d2c,cover.webp,Hero,16:9,Mobisa_Blog_Visuals_Final/creative-production-budget-d2c/cover.webp,QA completed,no
51,How to Plan a Creative Production Budget,creative-production-budget-d2c,analysis-context.webp,Analysis context,16:9,Mobisa_Blog_Visuals_Final/creative-production-budget-d2c/analysis-context.webp,QA completed,no
51,How to Plan a Creative Production Budget,creative-production-budget-d2c,decision-model.webp,Decision support,16:9,Mobisa_Blog_Visuals_Final/creative-production-budget-d2c/decision-model.webp,QA completed,no
52,How to Organize a Creative Library So Your Team Can Actually Use It,creative-library-organization,cover.webp,Hero,16:9,Mobisa_Blog_Visuals_Final/creative-library-organization/cover.webp,QA completed,no
52,How to Organize a Creative Library So Your Team Can Actually Use It,creative-library-organization,starting-point.webp,Starting point,4:3,Mobisa_Blog_Visuals_Final/creative-library-organization/starting-point.webp,QA completed,no
52,How to Organize a Creative Library So Your Team Can Actually Use It,creative-library-organization,process-in-motion.webp,Process editorial,16:9,Mobisa_Blog_Visuals_Final/creative-library-organization/process-in-motion.webp,QA completed,no
53,D2C Skincare Ad Creative: A Practical Playbook,d2c-skincare-ad-creative-playbook,cover.webp,Hero,16:9,Mobisa_Blog_Visuals_Final/d2c-skincare-ad-creative-playbook/cover.webp,QA completed,no
53,D2C Skincare Ad Creative: A Practical Playbook,d2c-skincare-ad-creative-playbook,hero-detail.webp,Detail editorial,4:3,Mobisa_Blog_Visuals_Final/d2c-skincare-ad-creative-playbook/hero-detail.webp,QA completed,no
53,D2C Skincare Ad Creative: A Practical Playbook,d2c-skincare-ad-creative-playbook,context-use.webp,Context / lifestyle,4:3,Mobisa_Blog_Visuals_Final/d2c-skincare-ad-creative-playbook/context-use.webp,QA completed,no
53,D2C Skincare Ad Creative: A Practical Playbook,d2c-skincare-ad-creative-playbook,story-moment.webp,Story feature,16:9,Mobisa_Blog_Visuals_Final/d2c-skincare-ad-creative-playbook/story-moment.webp,QA completed,no
53,D2C Skincare Ad Creative: A Practical Playbook,d2c-skincare-ad-creative-playbook,proof.webp,Proof visual,4:3,Mobisa_Blog_Visuals_Final/d2c-skincare-ad-creative-playbook/proof.webp,QA completed,no
53,D2C Skincare Ad Creative: A Practical Playbook,d2c-skincare-ad-creative-playbook,playbook-gallery.webp,Playbook gallery,16:9,Mobisa_Blog_Visuals_Final/d2c-skincare-ad-creative-playbook/playbook-gallery.webp,QA completed,no
54,Supplement Ad Creative: Building Trust Without Overclaiming,supplement-ad-creative-playbook,cover.webp,Hero,16:9,Mobisa_Blog_Visuals_Final/supplement-ad-creative-playbook/cover.webp,QA completed,no
54,Supplement Ad Creative: Building Trust Without Overclaiming,supplement-ad-creative-playbook,hero-detail.webp,Detail editorial,4:3,Mobisa_Blog_Visuals_Final/supplement-ad-creative-playbook/hero-detail.webp,QA completed,no
54,Supplement Ad Creative: Building Trust Without Overclaiming,supplement-ad-creative-playbook,context-use.webp,Context / lifestyle,4:3,Mobisa_Blog_Visuals_Final/supplement-ad-creative-playbook/context-use.webp,QA completed,no
54,Supplement Ad Creative: Building Trust Without Overclaiming,supplement-ad-creative-playbook,story-moment.webp,Story feature,16:9,Mobisa_Blog_Visuals_Final/supplement-ad-creative-playbook/story-moment.webp,QA completed,no
55,"Fashion Ad Creative: How to Sell Fit, Feel and Identity",fashion-ad-creative-playbook,cover.webp,Hero,16:9,Mobisa_Blog_Visuals_Final/fashion-ad-creative-playbook/cover.webp,QA completed,no
55,"Fashion Ad Creative: How to Sell Fit, Feel and Identity",fashion-ad-creative-playbook,hero-detail.webp,Detail editorial,4:3,Mobisa_Blog_Visuals_Final/fashion-ad-creative-playbook/hero-detail.webp,QA completed,no
55,"Fashion Ad Creative: How to Sell Fit, Feel and Identity",fashion-ad-creative-playbook,context-use.webp,Context / lifestyle,4:3,Mobisa_Blog_Visuals_Final/fashion-ad-creative-playbook/context-use.webp,QA completed,no
55,"Fashion Ad Creative: How to Sell Fit, Feel and Identity",fashion-ad-creative-playbook,story-moment.webp,Story feature,16:9,Mobisa_Blog_Visuals_Final/fashion-ad-creative-playbook/story-moment.webp,QA completed,no
55,"Fashion Ad Creative: How to Sell Fit, Feel and Identity",fashion-ad-creative-playbook,proof.webp,Proof visual,4:3,Mobisa_Blog_Visuals_Final/fashion-ad-creative-playbook/proof.webp,QA completed,no
55,"Fashion Ad Creative: How to Sell Fit, Feel and Identity",fashion-ad-creative-playbook,playbook-gallery.webp,Playbook gallery,16:9,Mobisa_Blog_Visuals_Final/fashion-ad-creative-playbook/playbook-gallery.webp,QA completed,no
56,Jewellery Ad Creative: Making Detail and Desire Visible,jewellery-ad-creative-playbook,cover.webp,Hero,16:9,Mobisa_Blog_Visuals_Final/jewellery-ad-creative-playbook/cover.webp,QA completed,no
56,Jewellery Ad Creative: Making Detail and Desire Visible,jewellery-ad-creative-playbook,hero-detail.webp,Detail editorial,4:3,Mobisa_Blog_Visuals_Final/jewellery-ad-creative-playbook/hero-detail.webp,QA completed,no
56,Jewellery Ad Creative: Making Detail and Desire Visible,jewellery-ad-creative-playbook,context-use.webp,Context / lifestyle,4:3,Mobisa_Blog_Visuals_Final/jewellery-ad-creative-playbook/context-use.webp,QA completed,no
56,Jewellery Ad Creative: Making Detail and Desire Visible,jewellery-ad-creative-playbook,story-moment.webp,Story feature,16:9,Mobisa_Blog_Visuals_Final/jewellery-ad-creative-playbook/story-moment.webp,QA completed,no
56,Jewellery Ad Creative: Making Detail and Desire Visible,jewellery-ad-creative-playbook,proof.webp,Proof visual,4:3,Mobisa_Blog_Visuals_Final/jewellery-ad-creative-playbook/proof.webp,QA completed,no
56,Jewellery Ad Creative: Making Detail and Desire Visible,jewellery-ad-creative-playbook,playbook-gallery.webp,Playbook gallery,16:9,Mobisa_Blog_Visuals_Final/jewellery-ad-creative-playbook/playbook-gallery.webp,QA completed,yes
57,Food & Beverage Ad Creative: Make the Product Feel Immediate,food-beverage-ad-creative-playbook,cover.webp,Hero,16:9,Mobisa_Blog_Visuals_Final/food-beverage-ad-creative-playbook/cover.webp,QA completed,no
57,Food & Beverage Ad Creative: Make the Product Feel Immediate,food-beverage-ad-creative-playbook,hero-detail.webp,Detail editorial,4:3,Mobisa_Blog_Visuals_Final/food-beverage-ad-creative-playbook/hero-detail.webp,QA completed,no
57,Food & Beverage Ad Creative: Make the Product Feel Immediate,food-beverage-ad-creative-playbook,context-use.webp,Context / lifestyle,4:3,Mobisa_Blog_Visuals_Final/food-beverage-ad-creative-playbook/context-use.webp,QA completed,no
57,Food & Beverage Ad Creative: Make the Product Feel Immediate,food-beverage-ad-creative-playbook,story-moment.webp,Story feature,16:9,Mobisa_Blog_Visuals_Final/food-beverage-ad-creative-playbook/story-moment.webp,QA completed,no
57,Food & Beverage Ad Creative: Make the Product Feel Immediate,food-beverage-ad-creative-playbook,proof.webp,Proof visual,4:3,Mobisa_Blog_Visuals_Final/food-beverage-ad-creative-playbook/proof.webp,QA completed,no
57,Food & Beverage Ad Creative: Make the Product Feel Immediate,food-beverage-ad-creative-playbook,playbook-gallery.webp,Playbook gallery,16:9,Mobisa_Blog_Visuals_Final/food-beverage-ad-creative-playbook/playbook-gallery.webp,QA completed,no
58,"Home & Decor Ad Creative: Selling the Room, Not Just the Product",home-decor-ad-creative-playbook,cover.webp,Hero,16:9,Mobisa_Blog_Visuals_Final/home-decor-ad-creative-playbook/cover.webp,QA completed,no
58,"Home & Decor Ad Creative: Selling the Room, Not Just the Product",home-decor-ad-creative-playbook,hero-detail.webp,Detail editorial,4:3,Mobisa_Blog_Visuals_Final/home-decor-ad-creative-playbook/hero-detail.webp,QA completed,no
58,"Home & Decor Ad Creative: Selling the Room, Not Just the Product",home-decor-ad-creative-playbook,context-use.webp,Context / lifestyle,4:3,Mobisa_Blog_Visuals_Final/home-decor-ad-creative-playbook/context-use.webp,QA completed,no
58,"Home & Decor Ad Creative: Selling the Room, Not Just the Product",home-decor-ad-creative-playbook,story-moment.webp,Story feature,16:9,Mobisa_Blog_Visuals_Final/home-decor-ad-creative-playbook/story-moment.webp,QA completed,yes
58,"Home & Decor Ad Creative: Selling the Room, Not Just the Product",home-decor-ad-creative-playbook,proof.webp,Proof visual,4:3,Mobisa_Blog_Visuals_Final/home-decor-ad-creative-playbook/proof.webp,QA completed,no
58,"Home & Decor Ad Creative: Selling the Room, Not Just the Product",home-decor-ad-creative-playbook,playbook-gallery.webp,Playbook gallery,16:9,Mobisa_Blog_Visuals_Final/home-decor-ad-creative-playbook/playbook-gallery.webp,QA completed,no
59,Fitness & Wellness Ad Creative: From Motivation to Proof,fitness-wellness-ad-creative-playbook,cover.webp,Hero,16:9,Mobisa_Blog_Visuals_Final/fitness-wellness-ad-creative-playbook/cover.webp,QA completed,no
59,Fitness & Wellness Ad Creative: From Motivation to Proof,fitness-wellness-ad-creative-playbook,hero-detail.webp,Detail editorial,4:3,Mobisa_Blog_Visuals_Final/fitness-wellness-ad-creative-playbook/hero-detail.webp,QA completed,no
59,Fitness & Wellness Ad Creative: From Motivation to Proof,fitness-wellness-ad-creative-playbook,context-use.webp,Context / lifestyle,4:3,Mobisa_Blog_Visuals_Final/fitness-wellness-ad-creative-playbook/context-use.webp,QA completed,no
59,Fitness & Wellness Ad Creative: From Motivation to Proof,fitness-wellness-ad-creative-playbook,story-moment.webp,Story feature,16:9,Mobisa_Blog_Visuals_Final/fitness-wellness-ad-creative-playbook/story-moment.webp,QA completed,no
59,Fitness & Wellness Ad Creative: From Motivation to Proof,fitness-wellness-ad-creative-playbook,proof.webp,Proof visual,4:3,Mobisa_Blog_Visuals_Final/fitness-wellness-ad-creative-playbook/proof.webp,QA completed,no
59,Fitness & Wellness Ad Creative: From Motivation to Proof,fitness-wellness-ad-creative-playbook,playbook-gallery.webp,Playbook gallery,16:9,Mobisa_Blog_Visuals_Final/fitness-wellness-ad-creative-playbook/playbook-gallery.webp,QA completed,no
60,Pet Brand Ad Creative: Products Through the Owner's Eyes,pet-brand-ad-creative-playbook,cover.webp,Hero,16:9,Mobisa_Blog_Visuals_Final/pet-brand-ad-creative-playbook/cover.webp,QA completed,no
60,Pet Brand Ad Creative: Products Through the Owner's Eyes,pet-brand-ad-creative-playbook,hero-detail.webp,Detail editorial,4:3,Mobisa_Blog_Visuals_Final/pet-brand-ad-creative-playbook/hero-detail.webp,QA completed,no
60,Pet Brand Ad Creative: Products Through the Owner's Eyes,pet-brand-ad-creative-playbook,context-use.webp,Context / lifestyle,4:3,Mobisa_Blog_Visuals_Final/pet-brand-ad-creative-playbook/context-use.webp,QA completed,no
60,Pet Brand Ad Creative: Products Through the Owner's Eyes,pet-brand-ad-creative-playbook,story-moment.webp,Story feature,16:9,Mobisa_Blog_Visuals_Final/pet-brand-ad-creative-playbook/story-moment.webp,QA completed,no
60,Pet Brand Ad Creative: Products Through the Owner's Eyes,pet-brand-ad-creative-playbook,proof.webp,Proof visual,4:3,Mobisa_Blog_Visuals_Final/pet-brand-ad-creative-playbook/proof.webp,QA completed,no
60,Pet Brand Ad Creative: Products Through the Owner's Eyes,pet-brand-ad-creative-playbook,playbook-gallery.webp,Playbook gallery,16:9,Mobisa_Blog_Visuals_Final/pet-brand-ad-creative-playbook/playbook-gallery.webp,QA completed,no
